feature	AF33.28_sp003477885	AM51.8_sp003478275	AM51.8_sp900546435	Actinomyces_graevenitzii	Adlercreutzia_celatus	Adlercreutzia_equolifaciens	Agathobacter_rectalis	Agathobaculum_butyriciproducens	Agathobaculum_sp003481705	Akkermansia_muciniphila	Alistipes_finegoldii	Alistipes_onderdonkii	Alistipes_putredinis	Alistipes_shahii	Alistipes_sp900240235	Allisonella_histaminiformans	Allisonella_pneumosintes	Amedibacterium_intestinale	An92_sp002159175	An92_sp009935845	An92_sp900199495	Anaerococcus_vaginalis	Anaerofustis_stercorihominis	Anaerosacchariphilus_sp900066385	Anaerosacchariphilus_sp900553635	Anaerostipes_hadrus	Anaerotignum_faecicola	Anaerotignum_sp001304995	Angelakisella_sp900547385	BX12_sp009911365	BX12_sp014333425	BX12_sp902363595	Bacteroides_helcogenes	Bacteroides_oleiciplenus	Bacteroides_sp900553815	Bacteroides_stercorirosoris	Bariatricus_comes	Barnesiella_intestinihominis	Bifidobacterium_adolescentis	Bifidobacterium_animalis	Bifidobacterium_bifidum	Bifidobacterium_dentium	Bifidobacterium_longum	Bifidobacterium_pseudocatenulatum	Bittarella_massiliensis	Blautia_faecis	Blautia_hydrogenotrophica	Blautia_sp000285855	Blautia_sp000436615	Blautia_sp001304935	Blautia_sp003477525	Blautia_sp900066145	Blautia_sp900066205	Blautia_sp900066505	Blautia_sp900548245	Blautia_stercoris	Bulleidia_sp900539965	CAG.103_sp000432375	CAG.103_sp900543625	CAG.103_sp900757655	CAG.1031_sp000431215	CAG.110_sp000434635	CAG.110_sp003525905	CAG.110_sp900549705	CAG.1427_sp000435475	CAG.145_sp000435715	CAG.145_sp900540145	CAG.170_sp000436735	CAG.180_sp000432435	CAG.194_sp000432915	CAG.217_sp000436335	CAG.238_sp900551415	CAG.267_sp001917135	CAG.269_sp000431335	CAG.269_sp900555615	CAG.269_sp900556345	CAG.273_sp003534295	CAG.303_sp000437755	CAG.317_sp000433215	CAG.41_sp900066215	CAG.417_sp000432835	CAG.495_sp000436375	CAG.582_sp000435515	CAG.611_sp000434175	CAG.81_sp000435795	CAG.81_sp900066785	CAG.81_sp900541255	CAG.83_sp000431575	CAG.83_sp000435975	CAG.83_sp003487665	CAG.83_sp900313295	CAG.83_sp900552475	CAG.95_sp900066375	Caecibacter_sp900549385	Clostridioides_difficile	Clostridium_leptum	Clostridium_saccharolyticum	Clostridium_saudiense	Clostridium_sp000435655	Clostridium_sp000435835	Clostridium_sp003024715	Clostridium_symbiosum	Clostridium_tertium	Coprococcus_catus	Dialister_hominis	Dialister_sp900541605	Dorea_formicigenerans	Dorea_longicatena	Dorea_phocaeensis	Duodenibacillus_sp003472385	Dysosmobacter_sp014297375	Dysosmobacter_sp900115635	Dysosmobacter_sp900542115	Dysosmobacter_sp900544615	Dysosmobacter_welbionis	ER4_sp900317525	Eggerthella_timonensis	Eisenbergiella_sp900066775	Emergencia_sp009935805	Emergencia_timonensis	Enterocloster_aldenensis	Enterocloster_citroniae	Enterocloster_lavalensis	Enterocloster_sp000155435	Enterocloster_sp000431375	Enterocloster_sp001517625	Enterocloster_sp005845215	Enterocloster_sp900541315	Enterococcus_avium	Enterococcus_durans	Enterococcus_faecalis	Enterococcus_hirae	Erysipelatoclostridium_ramosum	Erysipelatoclostridium_spiroforme	Eubacterium_ramulus	Eubacterium_sp000432355	Eubacterium_sp000433735	Eubacterium_sp000434995	Eubacterium_sp000435815	Eubacterium_sp003491505	Eubacterium_sp003526845	Eubacterium_sp900066595	Eubacterium_sp900550135	Eubacterium_sp900557275	Evtepia_sp004556345	Evtepia_sp900546255	Faecalibacillus_faecis	Faecalibacillus_intestinalis	Faecalibacterium_prausnitzii	Faecalimonas_phoceensis	Faecalitalea_cylindroides	Finegoldia_magna	Firm.11_sp900540045	Firm.11_sp900548145	Frisingicoccus_caecimuris	Fusobacterium_ulcerans	GCA.900066135_sp900066135	GCA.900066135_sp900543575	Gemmiger_qucibialis	Gordonibacter_urolithinfaciens	HGM10766_sp900757295	HGM11514_sp900757255	HGM11808_sp900757025	HGM13006_sp900756575	Herbivorax_sp012841175	Hungatella_effluvii	Hungatella_sp005845265	Intestinimonas_butyriciproducens	KLE1615_sp900066985	Lachnoclostridium_sp002160755	Lachnoclostridium_sp900066555	Lachnospira_eligens	Lachnospira_sp000436475	Lachnospira_sp000437735	Lachnospira_sp003451515	Lachnospira_sp900316325	Lactobacillus_delbrueckii	Lactococcus_lactis	Lawsonibacter_asaccharolyticus	Lawsonibacter_sp900066645	Marvinbryantia_sp900066075	Mediterraneibacter_butyricigenes	Mediterraneibacter_faecis	Mediterraneibacter_lactaris	Mediterraneibacter_massiliensis	Mediterraneibacter_torques	Megamonas_funiformis	Megasphaera_sp000417505	Merdibacter_sp900543035	Methanobrevibacter_smithii	Monoglobus_pectinilyticus	NSJ.32_sp014384895	Negativibacillus_massiliensis	Negativibacillus_sp000435195	Neobittarella_massiliensis	OF09.33XD_sp003481995	Odoribacter_splanchnicus	Oxalobacter_formigenes	Parabacteroides_goldsteinii	Paraclostridium_tenue	Pauljensenia_sp902373545	PeH17_sp000435055	Peptoniphilus_grossensis	Peptoniphilus_harei	Peptoniphilus_obesi	Peptoniphilus_senegalensis	Peptoniphilus_sp900538655	Peptostreptococcus_anaerobius	Phil1_sp001940855	Phocaeicola_dorei	Phocaeicola_massiliensis	Phocea_massiliensis	Prevotella_sp002265625	Prevotella_sp900557255	Pseudoflavonifractor_capillosus	Pseudoruminococcus_massiliensis	RUG115_sp900066395	RUG643_sp902782705	Romboutsia_timonensis	Roseburia_hominis	Ruminococcus_bicirculans	Ruminococcus_bromii	Ruminococcus_callidus	Ruminococcus_gnavus	Ruminococcus_sp000433635	Ruminococcus_sp000980705	Ruminococcus_sp900545285	Ruthenibacterium_lactatiformans	Ruthenibacterium_sp003149955	SFEL01_sp004557245	SFFH01_sp900542395	Schaedlerella_glycyrrhizinilytica	Schaedlerella_sp900066545	Sellimonas_intestinalis	Senegalimassilia_anaerobia	Slackia_isoflavoniconvertens	Streptococcus_agalactiae	Streptococcus_anginosus	Streptococcus_mitis	Streptococcus_pasteurianus	Streptococcus_thermophilus	Sutterella_wadsworthensis	TF01.11_sp001414325	TF01.11_sp003149875	TF01.11_sp003524945	TF01.11_sp003529475	Terrisporobacter_glycolicus	Terrisporobacter_othiniensis	Turicibacter_sp001543345	UBA11524_sp000437595	UBA11774_sp003507655	UBA1191_sp900066305	UBA1191_sp900545775	UBA1191_sp900549125	UBA1191_sp902796875	UBA1224_sp902782795	UBA1390_sp002305315	UBA1394_sp900538575	UBA1417_sp003531055	UBA1691_sp900544715	UBA1774_sp002314635	UBA1777_sp003150355	UBA1777_sp900549645	UBA3402_sp003478355	UBA4285_sp900545225	UBA5416_sp900539175	UBA7160_sp002491565	UBA7160_sp902363135	UBA7160_sp902363665	UBA7182_sp003480725	UBA7182_sp003481535	UBA7185_sp900556545	UBA737_sp900768035	UBA738_sp003522945	UBA9414_sp003458885	UC5.1.2E3_sp001304875	UMGS1071_sp900542375	UMGS124_sp900539345	UMGS124_sp900555105	UMGS1397_sp900761355	UMGS1603_sp900759005	UMGS1670_sp900548595	UMGS1696_sp900753285	UMGS1766_sp900554855	UMGS1826_sp900555435	UMGS911_sp900557415	UMGS966_sp900547185	Unknown_species	V9D3004_sp900760345	Varibaculum_cambriense	Veillonella_parvula	Weissella_cibaria
A_Balance_T0	NA	NA	NA	NA	NA	0.000683068717721222	0.0451682340279125	0.009336112658448	0.00402027529433708	NA	NA	NA	NA	NA	NA	NA	NA	NA	NA	NA	NA	NA	NA	NA	NA	0.0176589647097966	0.000332712438152034	NA	NA	NA	NA	NA	NA	NA	NA	NA	0.00735748187095294	NA	0.0249357890199854	NA	NA	NA	0.0071583585178165	NA	0.000219287743327477	0.00503101535266258	NA	NA	0.0110526063734596	NA	NA	NA	NA	NA	NA	NA	0.00146443883762373	NA	NA	0.000786411217450263	NA	NA	NA	NA	NA	NA	NA	NA	NA	NA	NA	NA	NA	NA	0.00168876767849896	NA	NA	NA	0.000539397437610116	NA	NA	NA	NA	NA	0.000431013840333317	NA	NA	NA	NA	NA	NA	NA	NA	NA	NA	NA	NA	NA	NA	NA	0.00591572797229413	NA	NA	0.00411101505019673	NA	NA	0.00446137132976592	0.0194535954367985	NA	NA	NA	NA	0.000226849389649114	NA	NA	NA	NA	0.000478904267037019	NA	NA	NA	NA	NA	NA	0.00188284993408765	NA	NA	NA	NA	NA	NA	NA	NA	0.000365479572212462	NA	NA	0.000955287985300159	0.0265590224303635	NA	NA	NA	NA	NA	NA	NA	NA	0.00936131814618679	0.00523770035212066	0.0690075843312606	NA	NA	NA	NA	NA	NA	NA	NA	0.00257348029813051	0.00184252115370558	NA	NA	NA	NA	NA	NA	NA	NA	NA	0.0134521688061925	NA	0.00034531518202143	NA	NA	0.00830772875870535	NA	0.00135605524034693	NA	0.000783890668676384	0.000975452375491192	NA	NA	NA	0.0201870751299973	0.00504613864530586	NA	0.000289863108996091	0.0119675655783777	NA	NA	NA	NA	NA	NA	NA	NA	NA	NA	NA	NA	NA	NA	NA	NA	NA	NA	NA	NA	NA	NA	NA	0.000214246645779719	NA	0.00512427565729611	NA	NA	NA	NA	NA	0.000325150791830397	NA	NA	0.0254525015186306	NA	0.00279276804145799	NA	NA	NA	NA	NA	NA	NA	NA	NA	NA	0.00177698688558473	NA	NA	NA	NA	NA	NA	NA	0.0114054832018027	NA	0.00103090444851653	0.00286082285835272	NA	NA	NA	NA	NA	NA	NA	0.00045117823052435	NA	NA	NA	NA	0.00235167200602915	NA	NA	NA	NA	0.000171397316623775	NA	NA	NA	0.00130060316732159	NA	0.00178202798313249	NA	NA	NA	NA	NA	NA	NA	NA	NA	NA	NA	NA	NA	NA	NA	NA	NA	0.589952084367809	NA	NA	NA	NA
A_Balance_T48	NA	NA	NA	NA	NA	0.000203904126828367	NA	NA	NA	0.000624456388411874	NA	NA	NA	NA	NA	NA	NA	NA	NA	NA	NA	NA	NA	NA	NA	NA	NA	NA	NA	NA	NA	NA	NA	NA	NA	NA	0.000242136150608686	NA	0.00218241135745986	NA	NA	NA	0.00120749475106174	NA	0.00263163763687861	NA	NA	NA	NA	NA	NA	NA	NA	NA	NA	NA	NA	NA	NA	NA	NA	NA	NA	NA	NA	NA	NA	NA	NA	NA	NA	NA	NA	NA	NA	NA	NA	NA	NA	NA	NA	NA	NA	NA	NA	NA	NA	NA	NA	NA	NA	NA	NA	NA	NA	NA	NA	NA	NA	NA	NA	NA	NA	NA	NA	NA	NA	0.0064038639832034	NA	NA	NA	NA	NA	NA	NA	NA	0.0104309704880636	0.000140184087194502	NA	NA	NA	NA	NA	NA	0.000238950148626992	0.00558187547192654	NA	NA	NA	NA	NA	NA	NA	NA	NA	NA	NA	NA	NA	NA	NA	NA	NA	NA	NA	NA	NA	NA	NA	NA	NA	NA	NA	NA	NA	NA	NA	NA	0.000312228194205937	NA	NA	NA	NA	NA	NA	NA	NA	NA	0.00083791852118532	NA	0.00158981498886492	NA	NA	NA	NA	NA	NA	0.000267624166462232	NA	NA	NA	NA	0.000471528293290598	NA	NA	NA	NA	NA	NA	NA	NA	NA	NA	NA	NA	NA	NA	NA	NA	NA	NA	NA	NA	NA	NA	NA	NA	NA	NA	NA	NA	NA	NA	NA	NA	NA	NA	NA	NA	NA	NA	NA	NA	NA	NA	NA	NA	NA	NA	NA	NA	NA	NA	NA	0.00031541419618763	NA	NA	NA	NA	NA	NA	NA	NA	NA	NA	NA	NA	NA	NA	NA	NA	NA	NA	NA	NA	NA	NA	NA	NA	NA	NA	NA	NA	NA	NA	NA	NA	NA	NA	NA	NA	NA	NA	NA	NA	NA	NA	NA	NA	NA	NA	NA	NA	NA	NA	NA	NA	0.945831594307252	NA	NA	NA	NA
A_Protein_T0	NA	NA	NA	NA	NA	0.000585004470558181	0.0424319836505301	0.00813386128496615	0.00586281772895644	NA	NA	NA	NA	NA	NA	NA	NA	NA	NA	NA	NA	NA	NA	NA	NA	0.00674415634180611	0.000137948652446034	NA	NA	NA	NA	NA	NA	NA	NA	NA	0.00945714650657811	NA	0.0237501596627922	NA	NA	NA	0.00379103333759101	NA	0.000176267722569932	0.00542853493421893	NA	NA	0.00867799208072551	NA	NA	NA	NA	NA	NA	NA	0.00282539277046877	NA	NA	0.000579895261208328	NA	NA	NA	NA	NA	NA	NA	NA	NA	NA	NA	NA	NA	NA	0.00296078681823988	NA	NA	NA	0.000822582705326351	NA	NA	NA	NA	NA	0.000671861029505684	NA	NA	NA	NA	NA	NA	NA	NA	NA	NA	NA	NA	NA	NA	NA	0.0044347937156725	NA	NA	0.00407970366585771	NA	NA	0.00399540171158513	0.0172665729978286	NA	NA	NA	NA	0.000493038702260825	NA	NA	NA	NA	0.000669306424830757	NA	NA	NA	NA	NA	NA	0.00136160429173585	NA	NA	NA	NA	NA	NA	NA	NA	0.00108315238216886	NA	NA	0.000411291352663175	0.0262102439647465	NA	NA	NA	NA	NA	NA	NA	NA	0.0102899476306042	0.00494826925533274	0.0677838804445012	NA	NA	NA	NA	NA	NA	NA	NA	0.00280240132839443	0.0023860007663814	NA	NA	NA	NA	NA	NA	NA	NA	NA	0.00857580789372844	NA	0.000633541959381786	NA	NA	0.0111201941499553	NA	0.000699961680929876	NA	0.000429173585387661	0.000577340656533401	NA	NA	NA	0.0141652829224677	0.00465448971771618	NA	0.000444501213437221	0.0283969855664836	NA	NA	NA	NA	NA	NA	NA	NA	NA	NA	NA	NA	NA	NA	NA	NA	NA	NA	NA	NA	NA	NA	NA	NA	NA	0.00648869587431345	NA	NA	NA	NA	NA	0.000357644654489718	NA	NA	0.0245242048792949	NA	0.00191084429684506	NA	NA	NA	NA	NA	NA	NA	NA	NA	NA	0.00069740707625495	NA	NA	NA	NA	NA	NA	0.00142036019925916	0.00819772640183932	NA	0.00181121471452293	0.00429173585387661	NA	NA	NA	NA	NA	NA	NA	0.000201813769319198	NA	NA	NA	NA	0.00258270532635075	NA	NA	NA	NA	0.00122365563928982	NA	NA	NA	0.00106527014944437	NA	0.0010192872652957	NA	NA	NA	NA	NA	NA	NA	NA	NA	NA	NA	NA	NA	NA	NA	NA	NA	0.602856048026568	NA	NA	NA	NA
A_Protein_T48	NA	NA	NA	NA	NA	8.55285665412248e-05	NA	0.000374187478617858	0.00045704327745467	0.000569299521040027	NA	NA	NA	NA	NA	NA	NA	NA	NA	NA	NA	NA	NA	NA	NA	NA	0.0314290754361957	NA	NA	NA	NA	NA	NA	NA	NA	NA	0.0132943465617516	NA	0.00205535836469381	NA	NA	NA	0.00143260348956552	NA	0.00356012658227848	5.34553540882655e-05	NA	NA	0.0003020227505987	NA	NA	NA	NA	NA	NA	NA	0.000435661135819364	NA	NA	NA	NA	NA	NA	NA	NA	NA	NA	NA	NA	NA	NA	NA	NA	NA	NA	NA	NA	NA	0.0010878164556962	NA	NA	NA	NA	NA	NA	NA	NA	NA	NA	NA	NA	NA	NA	NA	NA	NA	NA	NA	NA	NA	NA	NA	NA	0.00166513427984947	NA	NA	0.164626453985631	0.0118457064659596	NA	NA	NA	NA	NA	NA	NA	NA	0.061219744269586	0.000203130345535409	NA	NA	NA	NA	NA	NA	0.000812521382141635	0.0133237470065002	NA	NA	NA	NA	NA	NA	NA	NA	NA	NA	NA	NA	NA	NA	NA	NA	NA	NA	NA	NA	NA	0.0003020227505987	0.000211148648648649	NA	NA	NA	NA	NA	NA	NA	NA	0.00014700222374273	0.000261931235032501	NA	NA	NA	NA	NA	NA	NA	NA	NA	0.000422297297297297	NA	0.020048430550804	NA	NA	NA	NA	NA	NA	NA	NA	NA	NA	NA	0.000224512487170715	NA	0.00546313718782073	0.000104237940472118	0.000248567396510435	NA	NA	NA	NA	NA	NA	NA	NA	NA	NA	NA	NA	NA	NA	NA	NA	NA	NA	NA	NA	NA	NA	NA	0.0013283655490934	NA	NA	NA	NA	NA	NA	NA	NA	NA	NA	0.00043298836811495	NA	0.000112256243585358	NA	NA	NA	NA	NA	NA	NA	NA	NA	NA	0.00115463564830653	NA	NA	NA	NA	NA	NA	NA	NA	NA	NA	NA	NA	NA	NA	NA	NA	NA	NA	0.000764411563462196	NA	NA	NA	NA	0.00059602719808416	NA	NA	NA	NA	0.000638791481354773	NA	NA	NA	NA	NA	0.000483770954498803	NA	NA	NA	NA	NA	NA	NA	NA	NA	NA	NA	NA	NA	NA	NA	NA	NA	0.658222502565857	NA	NA	NA	NA
B_Balance_T0	NA	NA	NA	NA	NA	0.00101995200830349	0.0478837922689179	0.00150038280314669	0.00176500511260578	0.00758412677207027	NA	NA	NA	NA	NA	NA	NA	NA	NA	NA	NA	NA	NA	NA	NA	0.00469897285437552	0.00110473391327582	NA	NA	NA	NA	NA	0.00287487732315265	NA	NA	NA	0.011383897604012	NA	0.00909735531839459	NA	NA	NA	0.00600923865849335	NA	0.000210670188113063	0.00698294599135738	NA	NA	NA	NA	NA	NA	NA	0.000498414835291881	NA	NA	0.00154919662722167	0.00276954222909612	NA	NA	NA	0.000876079684714079	0.000226085079926214	NA	NA	NA	NA	0.00131283495275336	0.00559303657953827	NA	NA	NA	NA	NA	NA	NA	NA	NA	0.000272329755365667	NA	0.00574975464630531	NA	NA	NA	0.00155947322176377	NA	NA	0.00129742006094021	0.000416202078955076	0.000719361617947045	0.00100196796785481	0.00163140938355848	NA	NA	NA	NA	NA	NA	0.000290313795814343	NA	0.00627643011658796	NA	NA	0.00254602629780543	NA	NA	0.00590647271307234	0.040947090953	NA	NA	0.000847819049723303	NA	NA	NA	NA	NA	NA	0.000426478673497176	NA	NA	NA	NA	NA	0.000136164877682833	0.00261539331096461	NA	NA	0.000444462713945853	NA	NA	NA	NA	NA	NA	NA	NA	0.00263080820277776	0.0223336090886202	NA	NA	NA	NA	NA	NA	NA	NA	NA	0.00652820668286943	NA	NA	NA	NA	NA	NA	NA	NA	NA	0.0024201380146647	0.0154585673399549	0.000490707389385305	NA	NA	NA	NA	0.000778452036564123	NA	NA	NA	0.00572920145722111	NA	0.000834973306545677	NA	NA	NA	NA	0.001174100926435	NA	NA	0.000989122224677186	NA	NA	NA	0.0109214508496175	0.0112246103886094	0.000215808485384113	0.00236361674468315	0.00822641393095156	NA	0.000493276538020831	0.00428277077542044	0.000665409496601016	8.99202022433806e-05	NA	0.000364819106244573	NA	NA	NA	NA	NA	NA	NA	0.000552366956637909	NA	NA	NA	NA	NA	NA	NA	NA	0.000983983927406136	0.000241499971739365	0.00184207957167154	NA	NA	NA	NA	NA	0.00420569631635469	NA	0.0287307891910779	0.0683162313672495	NA	NA	NA	NA	NA	NA	NA	NA	NA	0.000724499915218095	NA	6.93670131591793e-05	0.00161856364038085	NA	NA	NA	NA	NA	0.00443948884218748	NA	0.00144643068180066	NA	0.00548513233684622	0.0056778184845106	NA	NA	NA	NA	NA	NA	NA	0.000709085023404944	0.000598611632077362	0.00181381893668076	NA	0.0248873428323322	0.00693156301864688	NA	NA	NA	NA	NA	NA	NA	NA	0.00165967001854925	NA	NA	0.00128971261503363	NA	NA	NA	NA	NA	0.000619164821161564	NA	0.000639718010245765	NA	NA	NA	NA	0.000747622252937821	0.000390510592599824	0.000924893508789057	NA	0.547295457231383	0.000917186062882482	NA	NA	NA
B_Balance_T48	NA	NA	NA	NA	NA	0.0004600381514398	NA	0.000729715688490718	0.000194326460521985	0.00669038242654261	NA	NA	NA	NA	NA	NA	NA	NA	NA	NA	NA	NA	NA	NA	NA	NA	0.0013682169159201	NA	NA	NA	NA	NA	0.000789203380487244	NA	NA	NA	0.00456468889920009	NA	0.00379134890324525	NA	NA	NA	0.00193533291295364	NA	0.0022843273726666	NA	NA	NA	NA	NA	NA	NA	NA	NA	NA	NA	NA	NA	NA	NA	NA	NA	NA	NA	NA	NA	NA	NA	NA	NA	NA	NA	NA	NA	NA	NA	NA	NA	0.00199878645108327	NA	0.000198292306655086	NA	NA	NA	NA	NA	NA	0.000638501227429378	NA	NA	NA	NA	NA	NA	NA	NA	NA	NA	0.000325199382914342	NA	0.00233588337239692	0.00248261967932168	NA	NA	NA	NA	0.000797135072753447	NA	NA	NA	0.000852656918616871	NA	NA	NA	NA	NA	0.00187187937482402	NA	NA	NA	NA	NA	NA	0.00891918795334578	0.00255003906358441	NA	NA	0.00064246707356248	NA	NA	NA	NA	NA	NA	NA	NA	NA	NA	NA	NA	NA	NA	NA	NA	NA	NA	NA	NA	NA	NA	NA	0.000586945227699056	NA	NA	NA	NA	NA	NA	0.00301007721502421	NA	NA	NA	0.000634535381296276	NA	NA	NA	NA	NA	0.00162203106843861	NA	0.00396584613310173	NA	NA	NA	NA	0.000571081843166649	NA	NA	NA	NA	NA	NA	0.000285540921583324	NA	0.00181239168282749	NA	NA	NA	NA	NA	0.000424345536241885	NA	NA	0.000432277228508088	NA	NA	NA	NA	NA	NA	NA	NA	NA	NA	NA	NA	NA	NA	NA	NA	0.000190360614388883	0.00100732491780784	NA	NA	NA	NA	NA	NA	0.00210586429667702	NA	NA	0.000352960305846054	NA	NA	NA	NA	NA	NA	NA	NA	NA	NA	NA	0.00151891906897796	0.000797135072753447	NA	NA	NA	NA	NA	0.00302197475342352	NA	NA	NA	0.000301404306115731	NA	NA	NA	NA	NA	NA	NA	NA	NA	0.00164582614523722	0.000372789536511562	NA	NA	NA	NA	NA	NA	NA	NA	NA	NA	NA	NA	NA	NA	6.34535381296276e-05	NA	NA	NA	NA	NA	NA	NA	0.000245882460252307	NA	NA	NA	NA	NA	NA	NA	NA	0.928610803758036	NA	NA	NA	NA
B_Protein_T0	NA	NA	NA	NA	NA	0.0015101139020571	0.0381861472790064	0.00190909285913469	0.00243033956112315	0.00554280443595959	NA	NA	NA	NA	NA	NA	NA	NA	NA	NA	NA	NA	NA	NA	NA	0.00238100345352753	0.00142860207211652	NA	NA	NA	NA	NA	0.0149509856496278	NA	NA	NA	0.00795383856367575	NA	0.00698856689332675	NA	NA	NA	0.00433943242025783	NA	0.000190909285913469	0.00678907741478796	NA	NA	NA	NA	NA	NA	NA	0.000682125313713293	NA	NA	0.00132134966429996	0.00448958579120101	NA	NA	NA	0.000712155987901928	0.00129560908642399	NA	NA	NA	NA	0.00101246272978828	0.00426650078294258	NA	NA	NA	NA	NA	NA	NA	NA	NA	0.000426864583109891	NA	0.00785516634848452	NA	NA	NA	0.00172461871769021	NA	NA	0.00148866342049379	0.000971706814817993	0.000454750209142195	0.000654239687680988	0.00169244299534525	NA	NA	NA	NA	NA	NA	0.000302451790042686	NA	0.00581093545550098	NA	NA	0.00291297539629765	NA	NA	0.0046333040176752	0.033130268774534	NA	NA	0.000336772560543984	NA	NA	NA	NA	NA	0.000167313756193827	0.00105536369291491	NA	NA	NA	NA	NA	0.000233810249040091	0.00260194341362964	NA	NA	0.00105321864475857	NA	NA	NA	NA	NA	NA	NA	NA	0.00124841802698471	0.020912074476072	NA	NA	NA	NA	NA	NA	NA	NA	NA	0.00557712520646088	NA	NA	NA	NA	NA	NA	NA	NA	NA	0.00170531328428323	0.0121752933353354	0.00027027606769772	NA	NA	0.000546987279864433	NA	0.0010617988373839	NA	NA	NA	0.00458396791007958	NA	0.00169029794718891	NA	NA	NA	NA	0.000795812865998842	NA	NA	0.00163667174328064	NA	NA	NA	0.00860378815504408	0.00805680087517965	NA	0.0037924451403934	0.0188249426199618	NA	0.00119908191938909	0.0023788584053712	0.000459040305454857	0.00105107359660224	NA	0.000660674832149982	NA	NA	NA	NA	NA	NA	NA	0.000656384735837319	NA	NA	NA	NA	NA	NA	NA	NA	0.00199489478538793	0.000379673523670606	0.0212896029515863	NA	NA	NA	NA	NA	0.00395546880027457	NA	0.0235590639009846	0.0605332589716639	NA	NA	NA	NA	NA	NA	NA	NA	NA	0.000227375104571098	NA	NA	0.00152941933546408	NA	NA	NA	NA	NA	0.00370020806967116	0.00536047534267144	0.000519101653832128	NA	0.00438662347969712	0.00356077993950964	NA	NA	NA	NA	NA	NA	NA	0.000864454407001437	0.000497651172268817	0.00219652931208306	NA	0.0445848259293421	0.00860164310688775	NA	NA	NA	NA	NA	NA	NA	NA	0.00218151397498874	NA	NA	0.00220296445655205	NA	NA	NA	NA	NA	0.000283146356635706	NA	0.000641369398743002	NA	NA	NA	NA	0.000630644157961346	0.000785087625217186	0.000368948282888951	NA	0.531030266629486	0.000360368090263626	NA	NA	NA
B_Protein_T48	NA	NA	NA	NA	NA	0.000270327095785901	NA	0.000177487487132157	0.0004860426570696	0.00673360220412153	NA	NA	NA	NA	NA	NA	NA	NA	NA	NA	NA	NA	NA	NA	NA	NA	NA	NA	NA	NA	NA	NA	0.00185679217307488	NA	NA	NA	0.0854697820726716	NA	0.00568506074167925	NA	NA	NA	0.00484131253362023	NA	0.00154277584968721	NA	NA	NA	NA	NA	NA	NA	NA	NA	NA	NA	0.000292171709586782	NA	NA	NA	NA	NA	0.000122875952629955	NA	NA	NA	NA	0.000166565180231717	NA	NA	NA	NA	NA	NA	NA	NA	NA	NA	0.00214350272921144	NA	0.000726333408879289	NA	NA	NA	0.000158373450056386	NA	NA	0.00248755539657531	0.00374089011340085	0.000884706858935676	0.00188136736360087	NA	NA	NA	NA	NA	NA	NA	NA	NA	0.0117114435739973	0.000111953645729515	NA	NA	NA	NA	0.0294574617104879	0.0504829024938357	NA	NA	0.000584343419173564	NA	NA	NA	NA	NA	0.0850929624846064	NA	NA	NA	NA	NA	NA	0.00773845443896205	0.00256947269832861	NA	NA	0.000573421112273123	NA	NA	NA	NA	NA	NA	NA	NA	NA	NA	NA	NA	NA	NA	NA	NA	NA	NA	NA	0.000835556477883694	NA	NA	NA	0.00695477891885545	NA	NA	NA	NA	NA	NA	0.00282887748721407	0.000477850926894269	NA	NA	0.0011331893409207	NA	NA	NA	NA	NA	0.000920204356362107	NA	0.0274723324313328	NA	NA	NA	NA	0.000608918609699555	NA	NA	0.000709949948528629	NA	NA	NA	0.000466928619993829	NA	0.00352517455211715	9.55701853788539e-05	0.000294902286311892	NA	NA	0.00176941371787135	0.000319477476837883	NA	NA	0.0198594845217258	NA	NA	NA	NA	NA	NA	NA	NA	NA	0.00178852775494712	NA	NA	NA	NA	NA	NA	0.000297632863037002	0.00225545637494095	NA	NA	NA	NA	NA	NA	0.000824634170983253	NA	NA	4.09586508766517e-05	NA	NA	NA	NA	NA	NA	NA	NA	NA	0.000540654191571802	NA	0.00126425702372598	0.000480581503619379	NA	NA	NA	NA	NA	0.00116595626162202	NA	NA	NA	NA	NA	NA	NA	NA	NA	NA	NA	NA	0.00164380718851629	0.000371358434614975	0.000314016323387663	NA	0.000215715561283699	NA	NA	NA	NA	NA	NA	NA	NA	NA	NA	NA	NA	0.000417778238941847	NA	NA	NA	NA	NA	0.000415047662216737	NA	NA	NA	NA	NA	NA	NA	NA	NA	NA	0.605811213386379	NA	NA	NA	NA
C_Balance_T0	NA	NA	0.000248900871373316	NA	NA	0.00224891849267394	0.0156190803443202	0.00168503687257156	0.00464982070326611	0.0119142018872413	NA	NA	0.000861241068203244	NA	NA	NA	NA	NA	NA	NA	NA	NA	NA	NA	NA	0.00880624498894263	NA	NA	0.000275332822315615	0.000385465951241861	NA	NA	NA	NA	NA	NA	0.00187666851690323	NA	0.00395157666587371	NA	NA	NA	0.00436787989321492	NA	NA	0.0114714667089578	NA	NA	NA	NA	0.0180354011929621	NA	NA	NA	NA	0.00239429422285659	NA	NA	NA	0.00335465510709345	0.000405289914448585	0.00546700851989885	NA	0.000303967435836439	NA	NA	NA	0.00203085489739998	NA	NA	NA	0.000385465951241861	NA	0.0103084608674966	NA	NA	0.00132159754711495	NA	NA	0.00115639785372558	0.0143723733248751	0.000654190785821902	0.00232380902034379	0.000226874245588067	NA	NA	NA	0.000808377166318646	0.00260574983039498	NA	NA	0.00084582243015357	0.000251103533951841	NA	NA	NA	NA	NA	NA	0.00357492136494595	0.00180398065181191	0.000174010343703469	NA	NA	NA	NA	0.00288769064044617	0.0105595644014485	NA	NA	NA	NA	NA	NA	NA	0.00187006052916766	NA	0.00265861373227958	NA	NA	NA	0.000156389043075269	NA	NA	0.00214979867664032	NA	NA	NA	NA	NA	NA	NA	NA	NA	NA	NA	NA	NA	NA	0.00192732975620931	0.0217645089384047	NA	NA	NA	0.00191191111815963	NA	0.00581943453246284	0.00365862254292989	NA	NA	NA	NA	0.00100881946096441	0.001326002872272	NA	NA	NA	0.00301544507000062	0.0142225922695354	NA	0.00667627027550903	0.000196036969488718	NA	NA	NA	NA	NA	NA	0.0216477678217429	NA	0.00168503687257156	NA	NA	NA	0.00258592586718826	0.000733486638648799	NA	NA	0.00129296293359413	NA	0.00244715812474119	NA	0.00212556938827655	NA	7.26878650913224e-05	NA	NA	NA	NA	0.0187490638684041	0.00138547476189218	0.000215860932695442	NA	NA	NA	NA	NA	NA	NA	NA	NA	0.0014669732772976	NA	NA	NA	NA	NA	NA	0.00622912977206848	NA	0.00116741116661821	0.000185023656596093	NA	NA	NA	0.11542832976502	NA	NA	0.00567626146485872	0.000819390479211271	0.00555511502303985	NA	NA	NA	NA	0.0302932184424532	NA	0.000330399386778738	NA	0.00174671142477026	NA	NA	NA	NA	NA	NA	NA	NA	NA	NA	NA	0.000226874245588067	0.00158811971911647	0.00148899990308285	NA	0.00535687539097261	0.00259253385492383	NA	NA	0.0332205570093129	0.00111895258989066	0.000325994061621688	NA	0.000354628675142512	NA	0.00182600727759716	NA	NA	0.00730402911038864	NA	0.000248900871373316	0.00119164045498198	0.00284143472629715	NA	NA	0.00178195402602666	NA	0.00224231050493837	NA	0.00134142151032168	0.00116300584146116	NA	NA	0.000691636049656825	NA	0.000438329853126459	NA	NA	NA	0.000140970405025595	0.00177534603829109	NA	0.000797363853426021	0.000612340196829928	NA	0.000607934871672878	NA	0.479537264645503	0.00437008255579344	NA	NA	NA
C_Balance_T48	NA	NA	NA	NA	NA	7.35770620679116e-05	2.26390960208959e-05	0.000526358982485829	NA	0.0047457205033803	NA	NA	NA	0.000348076101321274	NA	NA	0.000458441694423142	NA	NA	NA	NA	NA	NA	NA	NA	0.00110365593101867	NA	NA	NA	NA	NA	NA	NA	NA	NA	NA	0.000299968022276871	NA	0.000834816665770536	NA	NA	NA	0.00174321039360898	NA	0.000795198247733968	0.000192432316177615	NA	NA	NA	NA	0.000421653163389186	NA	NA	NA	NA	NA	NA	NA	NA	NA	NA	NA	NA	NA	NA	NA	NA	NA	NA	NA	NA	NA	NA	0.00289780429067467	NA	NA	NA	NA	NA	NA	0.00133570666523286	NA	NA	NA	NA	NA	NA	NA	NA	NA	NA	NA	NA	NA	NA	NA	NA	NA	NA	0.00123100084613621	NA	0.00794066292932923	0.00169793220156719	NA	NA	NA	0.00252991898033512	0.0139909613409137	NA	NA	NA	NA	NA	NA	NA	NA	NA	NA	NA	NA	NA	0.00170925174957764	NA	NA	NA	NA	0.00347793112621013	NA	0.00944050304071358	NA	NA	NA	NA	NA	NA	NA	NA	NA	NA	NA	NA	NA	NA	NA	NA	NA	0.00112346514003696	0.00105837773897688	NA	NA	NA	NA	2.82988700261199e-06	NA	NA	NA	NA	0.000220731186203735	0.00315532400791236	NA	0.00166114367053324	NA	NA	NA	NA	0.00152530909440786	NA	NA	0.00335624598509782	NA	0.000778218925718296	NA	NA	NA	NA	NA	NA	NA	NA	NA	NA	NA	0.000257519717237691	NA	0.00140362395329555	NA	NA	NA	NA	0.00282422722860676	NA	NA	NA	NA	NA	NA	NA	NA	NA	NA	NA	NA	NA	0.0510596511881281	0.00168095287955152	NA	NA	NA	2.82988700261199e-05	NA	NA	0.00548998078506725	NA	NA	NA	0.00619179276171503	NA	NA	0.00142909293631905	NA	NA	NA	NA	NA	NA	NA	NA	0.000353735875326498	NA	NA	NA	NA	NA	0.00174038050660637	NA	NA	NA	NA	NA	NA	NA	NA	NA	NA	NA	NA	0.000195262203180227	NA	NA	NA	NA	NA	NA	NA	NA	0.00101309954693509	NA	NA	NA	NA	NA	NA	NA	NA	NA	NA	NA	NA	NA	NA	NA	NA	NA	NA	NA	NA	NA	NA	NA	NA	NA	NA	NA	NA	NA	NA	NA	0.855112615353269	NA	NA	NA	NA
C_Protein_T0	NA	NA	0.000763249085396737	NA	NA	0.00293049957479488	0.0110553332029842	0.00193167978402878	0.00373379568010441	0.0121766497605424	NA	NA	0.0021460491259149	0.000709067823161783	NA	NA	NA	NA	NA	NA	NA	NA	NA	NA	NA	0.00778561181245745	NA	NA	0.00139222286873294	NA	NA	NA	NA	NA	NA	NA	0.00204710942965977	NA	0.00215547195412967	NA	NA	NA	0.00522260253803878	NA	NA	0.00881976720902895	NA	NA	NA	NA	0.0193756905166301	NA	NA	NA	NA	0.00154534382722302	NA	NA	NA	0.00303650639221109	0.0042167156261116	0.00528620662848851	NA	0.00122732337497438	NA	NA	NA	0.00145818266623636	NA	NA	NA	0.000654886560926829	NA	0.00919903604467363	NA	NA	0.00158774655418951	NA	6.83155045571153e-05	0.00200235099563959	0.0193309320826099	0.00186571998652536	0.00336159396562081	0.000848054539329707	NA	NA	NA	0.00079151757004106	0.00248527094164678	NA	NA	0.000270906311174768	0.000881034438081418	NA	NA	NA	NA	NA	NA	0.00108833665880646	0.00159952508945798	NA	NA	NA	NA	NA	0.0017008204927668	0.00885274710778067	NA	NA	NA	NA	NA	NA	NA	0.00106713529532321	NA	0.00205182084376715	0.000306241916980172	NA	NA	NA	NA	NA	0.000949349942638533	NA	NA	NA	NA	NA	NA	NA	NA	NA	NA	NA	NA	NA	NA	0.00222143175163309	0.0226713246847475	NA	NA	NA	0.000991752669605019	NA	0.00396465497136638	0.00452531325014547	NA	NA	NA	NA	0.000593638177530795	0.00125559185961871	NA	NA	NA	0.00278680144451957	0.011971703246871	NA	0.00764898080334322	0.000951705649692227	NA	NA	NA	NA	NA	NA	0.0180729845159375	NA	0.00150058539320284	NA	NA	NA	0.00418373572735989	0.000487631360114582	NA	NA	0.00154769953427672	0.000153120958490086	0.00148409544382699	NA	0.00361365462036603	NA	0.000113073938577294	NA	NA	NA	NA	0.0171047889168695	0.00100588691192718	0.000694933580839621	NA	NA	NA	NA	NA	NA	NA	NA	NA	0.0012956388795315	NA	NA	NA	NA	NA	NA	0.00644050308479839	NA	0.0086548677152704	0.000294463381711704	NA	NA	NA	0.112894904841214	NA	NA	0.00380446689171521	0.00138751145462555	0.0058798448060193	NA	NA	NA	NA	0.0194204489506503	NA	0.000409893027342692	NA	0.00132390736417582	NA	NA	NA	NA	NA	NA	NA	NA	NA	NA	NA	0.00126501468783348	0.00177149170437761	0.00212013634832427	NA	0.00289987538309686	0.00203061948028391	NA	NA	0.0323344350189988	0.000961128477907002	0.000268550604121074	NA	0.000438161511987015	NA	0.00193167978402878	NA	NA	0.00475381683435375	NA	0.00136159867703492	0.000899880094510967	0.00267608321299597	NA	NA	0.00112838367871925	NA	0.000673732217356378	NA	0.0014040014040014	0.000445228633148096	NA	NA	0.000829208882900158	NA	NA	NA	NA	NA	0.000607772419852957	0.000852765953437095	NA	0.00166077347285401	0.00102002115424934	NA	0.000341577522785577	NA	0.499171968970627	0.00482213233891086	NA	NA	NA
C_Protein_T48	NA	NA	NA	NA	NA	0.00221463859625984	NA	0.000225310626418495	0.000475350467931703	0.0039786559396827	NA	NA	0.000277516747174	0.000519313516988971	NA	NA	0.00379730836232147	NA	NA	NA	NA	NA	NA	NA	NA	0.000684174950953723	NA	NA	NA	0.00348132394722236	NA	NA	NA	NA	NA	NA	0.0040968066340241	NA	0.00212396480757923	NA	NA	NA	0.00274494287551313	NA	0.000541295041517604	0.00158816514719378	0.00450621252836991	NA	NA	NA	0.000794082573596892	NA	NA	NA	NA	NA	NA	NA	NA	0.00511619983403949	NA	NA	NA	0.00139582680756824	NA	NA	NA	0.000500079683026416	NA	NA	NA	0.00196734644531271	NA	0.00148375290568277	NA	NA	0.000118150694341406	NA	0.0182776376455589	NA	0.0012694330415286	NA	0.000200581411323782	NA	NA	NA	NA	0.020536239290876	NA	NA	NA	0.00353078237741179	NA	NA	NA	NA	NA	NA	NA	0.000370938226420693	0.0356677712382742	0.000491836611328179	0.00726489385671343	NA	NA	NA	0.0561078413593375	0.0196102675701073	NA	NA	NA	NA	NA	NA	NA	0.000607239615103505	NA	NA	0.00213220787927747	NA	NA	NA	NA	NA	0.00170082046040303	NA	0.000769353358502179	NA	0.00024454446038105	NA	NA	NA	NA	NA	NA	NA	NA	NA	NA	NA	NA	NA	NA	NA	0.0112243159624336	NA	0.000436882800006594	0.000607239615103505	NA	NA	NA	NA	0.000142879909436119	NA	NA	NA	NA	0.000631968830198218	0.00288232740381709	NA	0.00109083315473345	0.000489088920762099	NA	NA	NA	0.00105236548680834	NA	NA	0.00129141456605723	NA	0.0071632293057685	NA	NA	NA	NA	NA	NA	NA	0.000480845849063862	0.00165136203021361	NA	NA	0.00076385797737002	NA	0.00204977716229509	NA	NA	NA	NA	0.00359123156986553	NA	NA	NA	NA	NA	NA	NA	NA	NA	NA	NA	NA	NA	0.0342444675250452	0.000255535222645367	NA	NA	NA	NA	NA	0.000860027147182793	0.000843541003786318	NA	NA	NA	NA	NA	NA	0.00125844227926428	NA	NA	NA	NA	NA	NA	NA	NA	0.000431387418874436	NA	NA	NA	NA	NA	0.000750119524539624	NA	NA	NA	NA	NA	NA	NA	0.00149199597738101	NA	NA	NA	0.000239049079248891	0.000283012128306159	NA	NA	0.000346209011325981	NA	0.00148924828681493	NA	0.000299498271702634	NA	0.00284660742645806	NA	NA	0.000181347577361228	NA	NA	NA	NA	NA	NA	NA	NA	0.000192338339625545	NA	NA	0.00236301388682812	NA	NA	0.000368190535854614	NA	0.00105236548680834	NA	NA	NA	NA	NA	NA	NA	NA	NA	NA	NA	0.703241175791747	NA	NA	NA	NA
D_Balance_T0	NA	NA	NA	NA	0.00503104563590434	NA	0.201102533229454	0.00585499445192058	NA	NA	NA	NA	0.000330523880350355	NA	NA	NA	NA	NA	NA	NA	NA	NA	NA	NA	NA	0.0395755129022358	0.000967962792454612	NA	NA	NA	NA	NA	NA	NA	NA	0.00172108506268149	0.00547961375923696	NA	NA	NA	NA	NA	0.0162523313737989	0.0266567509502562	NA	0.00845668956724981	0.000245532025403121	NA	NA	NA	NA	NA	0.0134169086573648	NA	NA	0.0108765965483863	NA	0.00114502915692802	NA	NA	NA	NA	NA	NA	NA	NA	NA	NA	NA	NA	NA	NA	NA	NA	NA	0.00190995585145312	NA	0.0153575560119933	NA	NA	NA	NA	NA	NA	0.000165261940175178	NA	NA	0.00068701749415681	0.000382463347262554	NA	NA	NA	NA	NA	NA	NA	NA	NA	NA	NA	0.0023821328233822	NA	NA	0.00250253795122412	NA	NA	0.00225464504096135	0.00585971622163987	NA	NA	0.000672852184998938	NA	NA	NA	NA	NA	NA	0.0026677998913993	NA	NA	NA	NA	NA	NA	0.00211299194938263	NA	NA	NA	NA	NA	NA	NA	NA	0.000993932525910711	NA	NA	NA	NA	NA	NA	NA	NA	NA	NA	NA	NA	NA	0.00821587931156597	0.0129258446065585	NA	0.00106003730198078	NA	NA	NA	0.000613830063507803	NA	NA	NA	0.0197842151238284	NA	NA	NA	NA	NA	NA	NA	NA	NA	0.0261798522086078	NA	0.000606747408928867	NA	NA	NA	0.0177184408716387	0.00152749250419057	NA	NA	0.000826309700875888	0.000377741577543263	NA	0.000441485468753689	0.00491064050806242	0.00763037986637392	NA	NA	NA	NA	NA	NA	NA	NA	NA	NA	NA	NA	NA	NA	NA	NA	NA	NA	NA	NA	NA	NA	NA	NA	NA	NA	NA	NA	NA	NA	NA	NA	NA	NA	0.00056897325117454	NA	0.0476072431947494	0.0474112897513988	0.0157895979413084	NA	NA	NA	NA	NA	NA	NA	NA	NA	0.000590221214911349	NA	NA	NA	NA	NA	NA	NA	NA	NA	NA	NA	NA	0.00750761385367236	NA	NA	NA	NA	NA	NA	NA	NA	NA	0.00024081025568383	NA	NA	0.00409849611634441	NA	NA	NA	NA	NA	NA	NA	NA	NA	NA	0.000727152536770782	0.000524116438841278	NA	NA	NA	NA	NA	NA	NA	NA	NA	NA	NA	NA	NA	NA	NA	NA	0.396760865972567	NA	NA	NA	0.000292749722596029
D_Balance_T48	NA	NA	NA	NA	0.000486746703205494	NA	0.016509998002369	0.00013786467316225	NA	0.000427661843278816	NA	0.000317932817700699	NA	NA	NA	NA	NA	NA	NA	NA	NA	NA	NA	NA	NA	0.00357322724318484	0.0289178185869715	NA	NA	NA	NA	NA	NA	NA	NA	0.000512068786031214	0.000334814206251178	NA	NA	NA	NA	NA	0.00362105784407787	0.00581563835564021	0.000357322724318484	0.00168532529028954	NA	NA	NA	NA	NA	NA	0.00602384214776279	NA	NA	0.000410780454728336	NA	NA	NA	NA	NA	NA	NA	NA	NA	NA	NA	NA	NA	NA	NA	NA	NA	NA	NA	NA	NA	0.00376454964675695	NA	NA	NA	NA	NA	NA	0.000208203792122581	NA	NA	4.78306008930255e-05	NA	NA	NA	NA	NA	NA	NA	NA	NA	NA	NA	NA	0.000633052070642984	NA	NA	0.000151932496954316	NA	NA	0.00161779973608763	0.000509255221272801	NA	NA	NA	NA	NA	NA	NA	NA	0.00755723494109802	0.000633052070642984	NA	NA	NA	NA	NA	NA	0.000790611697114127	NA	NA	NA	NA	0.000548645127890586	NA	0.0229755698172027	NA	NA	NA	NA	NA	NA	NA	NA	NA	NA	NA	NA	NA	NA	NA	0.00135051108403837	0.000315119252942285	NA	NA	NA	NA	NA	NA	NA	NA	NA	0.0077654387332206	NA	NA	NA	NA	NA	NA	0.000717459013395382	NA	NA	0.00824937187166769	NA	6.4711989443505e-05	NA	NA	NA	0.00854479617130108	0.00233807231424142	NA	NA	NA	NA	NA	NA	0.00080186595614778	0.00202013949654072	NA	NA	NA	NA	NA	NA	NA	NA	NA	NA	NA	NA	NA	NA	NA	NA	NA	NA	NA	NA	NA	NA	NA	NA	NA	NA	NA	0.00607729987817265	NA	NA	NA	NA	NA	NA	NA	NA	0.000264475087290847	0.00169376598456478	NA	NA	NA	NA	NA	NA	NA	NA	NA	NA	NA	NA	NA	NA	NA	NA	NA	NA	NA	NA	NA	NA	NA	NA	NA	NA	NA	NA	NA	NA	NA	NA	NA	0.00054301799837376	NA	NA	NA	NA	NA	NA	NA	NA	NA	NA	NA	NA	NA	NA	NA	NA	NA	NA	NA	NA	NA	NA	NA	NA	NA	NA	NA	NA	NA	NA	NA	0.85032679554669	NA	NA	NA	0.000357322724318484
D_Protein_T0	NA	NA	NA	NA	0.00366664738881499	NA	0.206752645885143	0.00529986698282343	NA	NA	NA	0.000402521542999248	0.000946156960268348	NA	NA	NA	NA	NA	NA	NA	NA	NA	NA	NA	NA	0.0355722630270083	0.000333121276964895	NA	NA	NA	NA	NA	NA	NA	NA	0.00998207159794113	0.00359262043837835	NA	NA	NA	NA	NA	0.0156219998843329	0.0231149152738419	NA	0.0103105661905037	0.000219767509108785	NA	NA	NA	NA	NA	0.0129362095888034	NA	NA	0.00999363830894685	NA	0.00100630385749812	NA	NA	NA	NA	NA	NA	NA	NA	NA	NA	NA	NA	NA	NA	NA	NA	NA	0.00149673240414088	NA	0.0118489387542652	NA	NA	NA	NA	NA	NA	0.000478861835637037	NA	NA	0.00112428430975652	0.000613035683303453	NA	NA	NA	NA	NA	NA	NA	NA	NA	NA	NA	0.00168179978023249	NA	NA	0.00208200798103059	NA	NA	0.00158695274998554	0.00797640390954832	NA	NA	NA	NA	NA	NA	NA	NA	0.000474235151234746	0.00296107801746573	NA	NA	NA	NA	NA	NA	0.00180903360129547	NA	NA	NA	NA	NA	NA	NA	NA	0.00110346422994621	NA	NA	NA	NA	NA	NA	NA	NA	NA	NA	NA	NA	NA	0.00689607310161356	0.0125892082586317	NA	0.000680122607136661	NA	NA	NA	0.000402521542999248	NA	NA	NA	0.0201654039673819	NA	NA	NA	NA	NA	NA	NA	NA	NA	0.0229761147417732	NA	0.000980857093285524	NA	NA	NA	0.0171326123416806	0.00228326875253022	NA	NA	0.000441848360418715	0.000608408998901162	NA	0.000499681915447343	0.00515412642415129	0.00466138453530739	NA	NA	NA	NA	NA	NA	NA	NA	NA	NA	NA	NA	NA	NA	NA	NA	NA	NA	NA	NA	NA	NA	NA	NA	NA	NA	NA	NA	NA	NA	NA	NA	NA	NA	0.00067086923833208	NA	0.0507547278931236	0.0507524145509224	0.0149603840148054	NA	NA	NA	NA	NA	NA	NA	NA	NA	0.000374761436585507	NA	NA	NA	NA	NA	NA	NA	NA	NA	NA	NA	NA	0.00719912092996357	NA	NA	NA	NA	NA	NA	NA	NA	NA	0.00021282748250535	NA	NA	0.0040414088254005	NA	NA	NA	NA	NA	NA	NA	NA	NA	NA	0.000964663697877509	0.00129315829044011	NA	NA	NA	NA	NA	NA	NA	NA	NA	NA	NA	NA	NA	NA	NA	NA	0.397917992018969	NA	NA	NA	0.000397894858596958
D_Protein_T48	NA	NA	NA	NA	0.00236012916958322	NA	9.88808251865075e-05	0.000385114792831661	NA	0.00180067186918587	NA	0.000301846729516707	8.06659363363613e-05	NA	NA	NA	NA	NA	NA	NA	NA	NA	NA	NA	NA	NA	0.0140697005732486	NA	NA	NA	NA	NA	NA	NA	NA	0.00177725272637854	0.016843567932428	NA	NA	NA	NA	NA	0.0126359286080442	0.0280014884166318	0.00137392304469674	0.00102523802956537	0.00365859053190078	NA	NA	NA	NA	NA	0.00032786799930263	NA	NA	NA	NA	0.00022638504713753	NA	NA	NA	NA	NA	NA	NA	NA	NA	NA	NA	NA	NA	NA	NA	NA	NA	NA	NA	0.00172000593284951	NA	NA	NA	NA	NA	NA	0.013518049653787	NA	NA	0.0105724419140205	0.00438458395892803	NA	NA	NA	NA	NA	NA	NA	NA	NA	NA	NA	0.02689558445073	NA	NA	0.00184490802782194	NA	NA	0.0455268136174509	0.0119749883554818	NA	NA	0.00173301656774247	NA	NA	NA	0.000752014696813175	NA	0.0101118654388097	0.000869110410849829	NA	NA	NA	NA	NA	NA	0.00293519923185212	NA	NA	NA	NA	0.00863125518799066	NA	0.0187691418965863	NA	NA	NA	NA	NA	NA	NA	NA	NA	NA	NA	NA	NA	NA	NA	0.000273223332752192	6.50531744648075e-05	NA	NA	NA	NA	NA	0.000725993427027252	NA	NA	NA	0.00336975443727703	NA	NA	NA	NA	NA	NA	0.00109809758496595	NA	NA	0.00309392897754625	NA	0.00351026929412101	NA	NA	NA	0.00228726961418263	0.00139474006052547	NA	NA	0.000666144506519629	0.00199843351955889	NA	0.00039552330074603	0.000286233967645153	0.000348685015131368	NA	NA	NA	NA	NA	NA	NA	NA	NA	NA	NA	NA	NA	NA	NA	NA	NA	NA	NA	NA	NA	NA	NA	NA	NA	NA	NA	0.0198906586243595	NA	NA	NA	NA	NA	NA	3.64297777002922e-05	NA	0.000218578666201753	0.000210772285265976	0.000132708475908207	NA	NA	NA	NA	NA	NA	NA	NA	NA	0.000283631840666561	NA	NA	NA	NA	NA	NA	NA	NA	NA	NA	NA	NA	0.000106687206122284	NA	NA	NA	NA	NA	NA	NA	NA	NA	0.000575070062268899	NA	NA	NA	NA	NA	NA	NA	NA	NA	NA	NA	NA	NA	NA	0.000189955269437238	NA	NA	NA	NA	NA	NA	NA	NA	NA	NA	NA	NA	NA	NA	NA	NA	0.708697089000549	NA	NA	NA	7.28595554005844e-05
E_Balance_T0	0.000369209230657598	NA	NA	NA	0.00200824211588902	0.000324391925202051	0.0996395408146933	0.00243507359641803	NA	NA	NA	0.000384148332476113	0.000900614423916222	8.5366296105803e-05	NA	NA	NA	NA	NA	NA	NA	NA	NA	NA	NA	0.0238150624561164	NA	0.000659454637417328	NA	NA	NA	NA	NA	NA	NA	NA	0.00813113970407774	0.000140854388574575	0.00755491720536357	NA	NA	NA	0.0100561496812636	NA	NA	0.013078116563409	NA	NA	NA	NA	NA	NA	NA	0.00122500634911827	0.00463325572114246	NA	NA	NA	0.00280428282707563	NA	NA	NA	0.00138293399691401	NA	NA	NA	NA	NA	NA	NA	NA	NA	0.000708540257678165	NA	NA	NA	NA	NA	0.000872870377681836	NA	NA	NA	NA	NA	0.00106281038651725	NA	NA	0.00142348298756426	NA	0.00028597709195444	NA	NA	NA	NA	NA	NA	0.000175000907016896	NA	NA	0.00499179416478683	0.00413172873152087	NA	NA	0.00298568620630046	NA	NA	0.00300062530811898	0.0122586001207933	NA	NA	0.000117378657145479	NA	NA	NA	0.000396953276891984	NA	NA	0.00121006724729976	NA	NA	NA	NA	NA	NA	0.00151738591328065	NA	NA	0.000209147425459217	NA	NA	NA	NA	NA	0.00058049081351946	NA	0.000177135064419541	0.000875004535084481	NA	0.00209360841199482	NA	0.00735430640951493	NA	NA	NA	NA	NA	0.0106707870132254	NA	0.0283714885107636	NA	NA	NA	NA	NA	NA	NA	NA	0.000648783850404103	0.0177241772289673	NA	NA	NA	NA	NA	NA	NA	NA	NA	0.0076893691217302	NA	NA	NA	NA	0.00256525719797938	NA	NA	NA	0.000469514628581917	NA	NA	NA	NA	NA	NA	NA	0.0197687000207013	NA	NA	NA	NA	0.000531405193258624	NA	0.000877138692487126	NA	NA	NA	NA	NA	NA	NA	0.00071067441508081	NA	NA	NA	NA	NA	NA	NA	NA	NA	NA	NA	NA	NA	NA	NA	NA	NA	0.00132317758963995	NA	0.0372175709447275	NA	NA	0.00302196688214543	0.00190153424575676	NA	NA	0.000183537536627476	NA	NA	NA	NA	NA	NA	NA	NA	NA	NA	NA	NA	0.00598844567182208	NA	NA	NA	NA	0.00244574438343126	NA	0.00042896563793166	NA	0.00191220503276999	NA	NA	NA	0.000439636424944885	0.000356404286241727	0.000789638238978678	8.10979813005129e-05	NA	0.0029451372156502	NA	NA	NA	NA	0.000635978905988232	NA	NA	NA	NA	NA	NA	0.00110122521976486	NA	NA	NA	NA	NA	NA	0.000495124517413657	NA	0.000164330120003671	NA	NA	NA	NA	NA	NA	NA	0.622484628731307	NA	NA	NA	NA
E_Balance_T48	NA	NA	NA	NA	0.00113173991538897	0.00125748879487663	NA	0.000928146491456561	NA	NA	NA	0.000497007476070288	0.000197605382052042	NA	NA	NA	NA	NA	NA	NA	NA	0.000356288491881712	NA	NA	NA	0.000278443947436968	NA	6.5868460684014e-05	NA	NA	NA	NA	NA	NA	NA	NA	0.00473654112736864	NA	0.00716169808891643	NA	NA	NA	0.0112814709026075	NA	NA	NA	0.00145808819786886	NA	NA	NA	NA	NA	NA	NA	NA	NA	NA	NA	NA	NA	NA	NA	NA	NA	NA	NA	NA	NA	NA	NA	NA	NA	NA	NA	NA	NA	NA	NA	0.00276048730684822	NA	NA	NA	NA	NA	NA	NA	NA	0.000763475339746526	NA	NA	NA	NA	NA	NA	NA	NA	0.00393114949445956	NA	NA	0.0003413183871808	0.00661079823592286	NA	NA	0.000332336324360253	NA	NA	NA	NA	NA	NA	0.00124850673205608	NA	NA	NA	NA	NA	NA	NA	NA	NA	NA	0.00116467414573098	NA	NA	0.000260479821795874	NA	NA	0.000895212261114554	NA	NA	NA	NA	NA	NA	NA	0.000643714502139228	NA	NA	NA	NA	NA	NA	NA	NA	NA	NA	0.00185329896197294	NA	0.000919164428636014	NA	NA	NA	NA	NA	NA	NA	NA	NA	0.00630840212096443	NA	NA	NA	NA	NA	NA	NA	0.00286228401881443	NA	NA	NA	NA	NA	NA	0.000230539612394049	NA	NA	NA	0.000188623319231495	NA	0.000562875936754302	NA	NA	NA	NA	NA	0.0001706591935904	NA	NA	NA	NA	0.000437127057266638	NA	0.00273653513932676	NA	0.000604792229916856	NA	NA	NA	NA	NA	NA	NA	NA	NA	NA	0.0195689208650325	0.0018083886478702	NA	NA	NA	NA	0.000245509717094961	NA	NA	NA	NA	NA	0.000251497758975326	0.000308384156838793	NA	0.0025419237782149	NA	NA	NA	NA	NA	NA	0.00227545591453867	NA	NA	NA	NA	NA	0.00235629447992359	NA	NA	NA	NA	NA	NA	0.00488923619531795	NA	NA	NA	NA	NA	NA	0.00876649331285423	NA	NA	NA	0.00136227952778302	0.00196407773675969	0.00395210764104084	0.00571259195386812	0.000389222722223719	0.000335330345300435	NA	0.000257485800855691	NA	NA	NA	NA	NA	NA	NA	NA	NA	NA	NA	0.000494013455130105	NA	NA	NA	NA	NA	NA	NA	NA	NA	NA	NA	NA	NA	NA	NA	NA	0.877343944143545	NA	NA	NA	NA
E_Protein_T0	0.000227905127865377	NA	NA	NA	0.00214919835696303	0.000204054591228303	0.092071021597986	0.00238770372333377	NA	NA	NA	0.0012296276666225	0.00242215449847622	0.00154233470253081	NA	NA	NA	NA	NA	NA	NA	NA	NA	NA	NA	0.018192659334835	NA	0.000736716576122963	NA	NA	NA	NA	NA	NA	NA	NA	0.00821518484165894	0.00174903935338545	0.00864449450112627	NA	NA	NA	0.00903140320657215	NA	NA	0.00959321584735657	NA	NA	NA	NA	NA	NA	NA	0.00094872134623029	0.00482045846031536	NA	NA	NA	0.00361998144958262	NA	NA	NA	0.00206969656817278	NA	NA	NA	NA	NA	NA	NA	NA	NA	0.000484960911620511	NA	NA	NA	NA	NA	0.000506161388631244	NA	NA	NA	NA	NA	0.000516761627136611	NA	NA	0.00228700145753279	NA	NA	NA	NA	NA	NA	NA	NA	NA	NA	NA	0.00584338147608321	0.00148668345037763	NA	NA	0.00241420431959719	NA	NA	0.0022366503246323	0.0124102292301577	NA	NA	0.000296806678150258	NA	NA	NA	0.000514111567510269	NA	NA	0.00118987677222738	NA	NA	NA	6.09513714058566e-05	NA	NA	0.00119517689148006	NA	NA	0.000204054591228303	NA	NA	NA	NA	NA	0.000604213594805883	NA	0.000336557572545382	0.00107327414866834	NA	0.00270836093812111	NA	0.00899165231217702	NA	NA	NA	NA	NA	0.00903405326619849	NA	0.0228567642771962	NA	NA	NA	NA	NA	NA	NA	NA	0.00231085199416987	0.0177447992579833	NA	NA	NA	NA	NA	NA	NA	NA	NA	0.00863919438187359	NA	NA	NA	NA	0.00281171326354843	NA	NA	NA	0.00054856234265271	NA	0.000280906320392209	NA	NA	NA	NA	NA	0.0179276533722009	NA	NA	NA	NA	0.000458460315357096	NA	0.000246455545249768	NA	0.00016695375645952	NA	NA	NA	NA	NA	0.00147078309261958	NA	NA	NA	NA	NA	NA	NA	NA	NA	NA	NA	NA	NA	NA	NA	NA	0.000789717768649795	0.00115807605671128	NA	0.0377606996157414	NA	NA	0.00237975354445475	0.000747316814628329	NA	NA	NA	NA	NA	NA	NA	NA	8.74519676692726e-05	NA	NA	NA	NA	NA	NA	0.00661454882734862	0.000840068901550285	NA	NA	NA	0.00184179144030741	NA	0.000225255068239035	NA	0.00253345700278256	NA	4.77010732741487e-05	0.00071551609911223	0.000678415264343448	0.00084801908042931	0.000450510136478071	1.06002385053664e-05	NA	0.00254670730091427	NA	NA	NA	NA	0.00066516496621174	NA	NA	NA	NA	NA	NA	0.000813568305286869	NA	NA	NA	NA	NA	NA	0.000225255068239035	NA	NA	NA	NA	NA	NA	NA	NA	NA	0.638253610706241	NA	NA	NA	NA
E_Protein_T48	0.000661572798452937	NA	NA	NA	0.0137597448703875	0.00145158280686194	NA	0.000976607464382908	NA	NA	NA	0.000923293905533221	7.99703382745309e-05	NA	NA	NA	NA	NA	NA	NA	NA	0.000491938747567569	NA	NA	NA	0.00167695376018107	NA	0.0108832360360884	NA	NA	NA	NA	NA	NA	NA	NA	0.0126425834781281	0.000227794296903209	0.0186524755666383	NA	NA	NA	0.0214272039704061	NA	NA	0.00220039597434164	0.000949950684958064	NA	NA	NA	NA	NA	NA	NA	0.000339268101770737	NA	NA	NA	0.00404940712899216	NA	NA	NA	0.000186597455973905	NA	NA	NA	NA	NA	NA	NA	NA	NA	NA	NA	NA	NA	NA	NA	0.0164763130281374	NA	NA	NA	NA	NA	0.0100229490637412	NA	NA	0.00499935781395022	NA	0.000528288901328719	NA	NA	NA	NA	NA	NA	0.000998417556639598	NA	NA	6.30069331859941e-05	0.0407872958635948	NA	NA	0.00352596491483159	NA	NA	0.00961340399803225	0.000848170254426843	NA	NA	0.00119713173053389	NA	NA	NA	0.000634916019028094	NA	NA	0.000242334358407669	NA	NA	NA	0.000283531199336973	NA	NA	0.00028595454292105	NA	NA	0.000407121722124885	NA	NA	NA	NA	NA	0.000172057394469445	NA	0.00031503466592997	NA	NA	NA	NA	NA	NA	NA	NA	NA	NA	0.00256389751195314	NA	0.00114139482810012	NA	NA	NA	NA	NA	NA	NA	NA	NA	0.00541374956682733	NA	NA	NA	NA	NA	NA	NA	0.000743966480311545	NA	0.000525865557744643	NA	NA	NA	NA	0.000225370953319133	NA	NA	NA	0.000237487671239516	NA	0.00139099921726002	NA	NA	NA	NA	NA	0.000688229577877781	NA	NA	NA	NA	NA	NA	0.0599026300547918	NA	0.000547675650001333	NA	NA	NA	NA	NA	NA	NA	NA	NA	NA	0.00141038596593264	NA	0.0018926313391639	NA	NA	NA	0.00122621185354281	NA	NA	NA	NA	NA	0.00111473804867528	NA	NA	0.000741543136727468	NA	NA	0.0025057372659353	NA	NA	NA	0.00119228504336573	NA	NA	NA	NA	NA	0.00061552927035548	NA	NA	NA	NA	NA	NA	0.00108323458208228	0.000397428347788578	NA	NA	NA	0.000179327425221675	NA	8.96637126108377e-05	NA	NA	NA	0.00131345222256957	0.000896637126108377	0.00871434352833979	0.0162267086389775	0.00100326424380775	0.000198714173894289	NA	NA	NA	NA	NA	NA	NA	NA	NA	NA	NA	NA	NA	0.000339268101770737	NA	NA	NA	NA	NA	NA	0.000205984204646519	NA	0.000491938747567569	NA	NA	NA	NA	NA	NA	NA	0.701797878605027	NA	NA	NA	NA
F_Balance_T0	NA	NA	NA	NA	NA	NA	NA	0.0110808631083891	NA	NA	NA	NA	NA	6.7980755266191e-05	NA	NA	NA	NA	NA	NA	NA	NA	NA	0.000562386248111217	NA	0.0476854097849027	0.000682897586992191	NA	NA	NA	NA	NA	NA	NA	NA	NA	0.0154069111707831	NA	NA	0.0149526761242317	0.0100271614017632	NA	NA	NA	NA	0.00863355591880626	0.000682897586992191	NA	0.0117544905923905	0.000265742952404201	NA	0.00424879720413694	0.0517148145515897	NA	NA	NA	NA	NA	NA	NA	NA	NA	NA	NA	NA	NA	NA	0.00147703640987451	0.0133458582724854	NA	NA	NA	NA	NA	NA	NA	NA	NA	NA	NA	NA	NA	NA	NA	NA	NA	0.00102898143198371	NA	0.00436621850868763	NA	NA	NA	NA	NA	NA	NA	NA	NA	NA	NA	0.00247511749855541	0.000546936076459809	NA	0.00474320269698196	NA	NA	0.004919334653808	0.0229960354859543	NA	NA	NA	0.000933190367744986	NA	NA	0.00185402059816885	0.00226190512976599	NA	0.00164080822937943	NA	NA	NA	NA	NA	NA	0.00889620883688018	0.00404485493833836	NA	NA	NA	NA	NA	NA	0.00331560683639195	NA	NA	0.00274395048528989	NA	NA	NA	NA	NA	NA	NA	NA	NA	0.00329397659607998	NA	NA	NA	0.00154810719947099	NA	NA	NA	NA	NA	NA	NA	NA	0.0259810086490061	NA	NA	NA	NA	NA	NA	NA	NA	NA	0.00997463081814839	0.000868299646809076	0.0014121456889386	NA	NA	NA	NA	NA	0.000546936076459809	0.00094246047073583	0.000917740196093579	0.000349173879321799	NA	NA	0.0536429959736853	NA	NA	0.00658486315782968	NA	NA	NA	NA	NA	NA	NA	NA	NA	NA	NA	NA	NA	NA	NA	NA	NA	NA	NA	NA	NA	NA	NA	NA	NA	NA	NA	NA	NA	NA	NA	NA	0.00251219791051879	NA	NA	0.0811937420624743	0.0272108423124581	0.019457946177782	NA	NA	NA	0.000237932643431669	0.00108151201559849	NA	NA	NA	0.00315492505121732	0.000361534016642925	NA	NA	NA	NA	NA	NA	0.0125578995182636	NA	NA	NA	NA	0.016899397752309	0.00119275325148862	NA	NA	NA	NA	NA	NA	NA	0.000253382815083076	0.000185402059816885	NA	NA	0.023904505579057	NA	NA	NA	NA	NA	NA	NA	NA	0.00226190512976599	NA	0.00184166046084772	NA	NA	NA	NA	NA	NA	NA	NA	NA	NA	NA	0.000373894153964051	NA	NA	NA	NA	NA	0.439900377293192	NA	NA	NA	NA
F_Balance_T48	NA	NA	NA	NA	NA	NA	NA	0.000325891582254027	NA	NA	NA	NA	NA	NA	NA	NA	0.000517394883166188	NA	NA	NA	NA	NA	NA	NA	NA	0.00335970703354667	0.00227116195467755	NA	NA	NA	0.00262393119319995	0.00312116783416486	NA	NA	NA	NA	0.00330931142804347	NA	NA	0.00552671807018428	0.00112214214920459	NA	NA	NA	NA	NA	0.00699491004384418	NA	NA	0.00791882947806951	NA	NA	NA	NA	NA	NA	NA	NA	NA	NA	NA	NA	NA	NA	NA	NA	NA	NA	NA	NA	NA	NA	NA	NA	NA	NA	NA	NA	NA	NA	NA	NA	NA	NA	NA	NA	NA	NA	0.00157906230576694	NA	NA	NA	NA	NA	NA	NA	NA	NA	NA	NA	0.00612810562918913	0.00667573787565724	NA	0.000386366308857868	NA	NA	0.00798602361874045	0.000258697441583094	NA	NA	NA	NA	NA	NA	NA	NA	NA	NA	NA	0.00200238539199382	NA	NA	0.00229467990391238	NA	0.00133716339935158	0.00101127181709755	NA	NA	NA	NA	0.0424129415914932	NA	0.000178064472777974	NA	NA	NA	NA	NA	NA	NA	NA	NA	NA	NA	NA	NA	NA	NA	NA	0.000265416855650187	NA	NA	NA	NA	NA	NA	NA	NA	0.000927279141258882	NA	NA	NA	NA	NA	NA	NA	NA	NA	0.00114566009843942	0.000278855683784374	0.00678660820776428	NA	NA	NA	NA	NA	NA	NA	NA	0.000463639570629441	NA	NA	0.00508323674175612	NA	NA	NA	NA	NA	NA	NA	NA	NA	NA	NA	NA	NA	NA	NA	NA	NA	NA	NA	5.37553125367468e-05	NA	NA	NA	NA	NA	NA	NA	NA	NA	NA	NA	NA	NA	NA	NA	0.000655142871541602	NA	NA	0.00186799711065195	7.39135547380268e-05	0.00108854507886912	NA	NA	NA	0.000302373633019201	NA	NA	NA	NA	NA	0.00109862419996976	NA	NA	NA	0.00140099783298896	NA	NA	0.00623561625426263	NA	NA	NA	NA	NA	NA	NA	NA	NA	NA	NA	0.00167313410270624	0.000745854961447362	0.00129012750088192	0.00407868433872566	NA	NA	0.00133716339935158	NA	NA	NA	NA	NA	NA	NA	NA	NA	NA	NA	NA	NA	NA	NA	NA	NA	NA	NA	NA	NA	NA	0.000383006601824321	NA	NA	NA	NA	NA	0.846622654504527	NA	NA	NA	NA
F_Protein_T0	NA	NA	NA	NA	NA	NA	NA	0.00943169168747555	NA	NA	NA	NA	NA	0.00103793736273654	NA	NA	NA	NA	NA	NA	NA	NA	NA	0.000531504156763641	NA	0.0441198592015404	NA	NA	NA	NA	0.00020558179648405	NA	NA	NA	NA	NA	0.0128388338999368	NA	NA	0.00953448258571758	0.00829597761665513	NA	NA	NA	NA	0.00581896767853024	0.000428713258521616	NA	0.00999077389010901	0.000268259173460894	NA	0.00295586509822798	0.0394215630233561	NA	NA	NA	NA	NA	NA	NA	NA	NA	NA	NA	NA	NA	NA	0.00107303669384358	0.0124101206414152	NA	NA	NA	NA	NA	NA	NA	NA	NA	NA	NA	NA	NA	NA	NA	NA	NA	0.0004111635929681	NA	0.00476348065024018	NA	NA	NA	NA	NA	NA	NA	NA	NA	NA	NA	0.00216362305324067	0.000536518346921789	NA	0.00263495692810654	NA	NA	0.00368793686131753	0.011993942858289	NA	NA	NA	0.000967738700522479	NA	NA	0.00260236469207858	0.00217114433847789	NA	0.00119087016256004	NA	NA	NA	NA	0.000175496655535164	NA	0.00637303569100555	0.00250709507907378	NA	NA	NA	NA	NA	NA	0.00370799362195012	NA	NA	0.00143907257538835	NA	NA	NA	NA	NA	NA	NA	NA	NA	0.00281296067872078	NA	NA	NA	0.00138391648364873	NA	NA	NA	NA	NA	NA	NA	NA	0.0192294192564959	NA	NA	NA	NA	NA	NA	NA	NA	NA	0.00723547639820693	0.000737085953247691	0.00125856172969504	NA	NA	NA	NA	NA	0.000293330124251632	0.00086244070720138	0.000774692379433798	0.000448770019154206	NA	NA	0.0449597360530301	NA	NA	0.0100158448408997	NA	NA	NA	NA	NA	NA	NA	NA	NA	NA	NA	NA	NA	NA	NA	NA	NA	NA	NA	NA	NA	NA	NA	NA	NA	NA	NA	NA	NA	NA	NA	NA	0.00104044445781562	NA	NA	0.073535605764313	0.00730316796534192	0.0188132414733696	NA	NA	NA	0.000398628117572731	0.000747114333563986	NA	NA	NA	0.00298595023917687	NA	NA	NA	NA	0.000428713258521616	NA	NA	0.0132299407322723	NA	NA	NA	NA	0.0186302235325972	0.000699479527061584	NA	NA	NA	NA	NA	4.5127711423328e-05	0.000145411514586279	0.00054403963215901	0.00011281927855832	NA	NA	0.0196355686593058	NA	NA	NA	NA	NA	NA	NA	NA	0.000634295055005666	NA	0.00174744527011442	NA	NA	NA	NA	NA	NA	NA	NA	NA	NA	NA	0.000180510845693312	NA	NA	NA	NA	NA	0.543440436435111	NA	NA	NA	NA
F_Protein_T48	NA	NA	NA	NA	NA	NA	NA	0.000469098821601153	NA	NA	NA	NA	NA	NA	NA	NA	0.00149772515330489	NA	NA	NA	NA	NA	NA	NA	NA	0.00035041116794303	0.00596829344109419	NA	NA	NA	NA	9.32545850170967e-05	NA	NA	NA	NA	0.0124254669793992	NA	NA	0.0128013112159833	0.00361714754005708	NA	NA	NA	NA	0.000262808375957272	0.00193008732020233	NA	0.000511487269336197	0.00154859129058694	NA	NA	NA	NA	NA	NA	NA	NA	NA	NA	NA	NA	NA	NA	NA	NA	NA	7.62992059230791e-05	NA	NA	NA	NA	NA	NA	NA	NA	NA	NA	NA	NA	NA	NA	NA	NA	NA	NA	0.00145816260208551	NA	0.000729081301042756	NA	NA	NA	NA	NA	NA	NA	NA	NA	NA	NA	0.0444485262949671	0.00705343770311131	NA	0.00225506541950434	NA	NA	0.0438889987848645	0.0075847062480572	NA	NA	NA	0.000500183683273518	NA	NA	0.00282024472263826	0.000324978099302003	NA	NA	NA	0.000234549410800576	NA	NA	NA	NA	0.000398451408709413	0.000214768135190889	NA	NA	NA	NA	0.125681747534405	NA	0.00348998219685195	NA	NA	NA	NA	NA	NA	NA	NA	NA	NA	NA	NA	0.000308022720207986	NA	NA	NA	0.000706474128917399	NA	NA	NA	NA	NA	NA	NA	NA	0.00230310566027072	NA	NA	NA	NA	NA	NA	NA	NA	NA	0.000387147822646735	0.000522790855398875	0.0177240229462797	NA	NA	NA	NA	NA	8.76027919857575e-05	0.000296719134145308	0.000870376126826236	0.000302370927176647	NA	NA	0.000440839856444457	NA	NA	NA	NA	NA	NA	NA	NA	NA	NA	NA	NA	NA	NA	NA	NA	NA	NA	NA	0.00500183683273518	0.00142990363692882	NA	NA	NA	NA	NA	NA	NA	NA	NA	NA	NA	NA	NA	NA	0.000271286065504281	NA	NA	0.00141860005086614	NA	0.00107101477943878	NA	NA	NA	0.00144685901602283	0.000723429508011417	NA	NA	NA	0.000203464549128211	0.000686692853307712	NA	NA	NA	0.00372453160765253	NA	NA	0.0166445304772939	NA	NA	NA	NA	NA	0.000197812756096872	NA	NA	NA	NA	NA	0.000573656992680928	0.00686975442959279	0.000692344646339051	0.00448752366688332	NA	NA	0.000240201203831916	NA	NA	NA	NA	NA	NA	NA	NA	6.49956198604007e-05	NA	NA	NA	NA	NA	NA	NA	NA	NA	NA	NA	NA	NA	NA	NA	NA	NA	NA	NA	0.644830022324582	NA	NA	NA	NA
G_Balance_T0	NA	NA	NA	NA	0.00262400389208474	NA	0.0690394569100271	0.00192802346062192	NA	0.00218254057633486	NA	NA	NA	NA	NA	NA	NA	NA	NA	0.000587866966381217	NA	NA	NA	NA	NA	0.0211046493294713	NA	NA	NA	NA	NA	NA	NA	NA	NA	NA	0.00740351999423395	NA	0.0138295140750217	NA	NA	NA	0.00340332178621463	NA	0.000286050209695075	0.00975949258747055	0.000858150629085225	NA	0.0136403155111289	NA	NA	0.00317358067291623	NA	NA	NA	0.00647104135790512	NA	0.0046105888129592	NA	NA	NA	NA	NA	NA	0.002450571875183	NA	NA	NA	NA	NA	0.0178995355625729	NA	NA	NA	NA	NA	NA	NA	0.00136493249665524	NA	NA	NA	NA	NA	NA	0.000894188450779093	NA	0.000918964453193627	NA	NA	NA	NA	NA	0.000153160742198938	NA	0.00499349066845655	NA	NA	NA	NA	0.00240552459806567	0.000195955655460406	NA	0.00356549198383704	NA	NA	0.00505205212870908	0.020365873984747	NA	NA	NA	NA	NA	NA	0.00366459599349517	NA	NA	0.00584713656983004	NA	NA	NA	NA	NA	NA	0.00784273094612796	NA	NA	0.000763551347138822	NA	NA	NA	NA	0.000700485159174554	NA	NA	NA	NA	NA	NA	NA	NA	NA	NA	0.000943740455608161	0.000387406583209078	0.00209019365824433	NA	NA	NA	NA	NA	NA	NA	NA	NA	NA	NA	0.00090319790620256	0.00832473681128344	NA	NA	NA	NA	NA	NA	NA	NA	NA	0.00601606385902004	NA	0.0012860997616999	NA	NA	NA	NA	NA	NA	0.000680213884471753	NA	0.000157665469910671	NA	NA	0.00611967259638991	0.0057142471023339	NA	0.00267355589691381	NA	NA	NA	NA	NA	NA	NA	NA	NA	NA	NA	NA	NA	NA	NA	NA	NA	NA	NA	NA	NA	NA	NA	NA	NA	NA	0.00824590407632811	NA	NA	NA	0.00244156241975954	NA	0.000882926631499759	NA	0.0316502169026393	0.117183734329178	NA	NA	NA	NA	0.0317358067291623	0.000581109874813617	NA	NA	NA	NA	0.00107437755924843	NA	NA	NA	NA	NA	NA	NA	0.00442139024906639	NA	NA	NA	NA	0.00981129695615549	NA	NA	NA	NA	NA	NA	NA	0.00101131137128416	NA	NA	NA	NA	NA	NA	NA	NA	NA	NA	NA	NA	0.000853645901373492	0.000605885877228151	NA	0.00113293901950097	0.00090995499777016	NA	NA	NA	NA	NA	NA	NA	NA	NA	NA	0.000657690245913086	NA	NA	NA	NA	NA	0.511523093486614	NA	NA	NA	NA
G_Balance_T48	NA	NA	NA	NA	0.00107863540810997	NA	0.0153397176652136	NA	NA	0.00138569220311938	NA	NA	NA	NA	NA	NA	0.00269002747764653	NA	NA	NA	NA	NA	0.00098940522836365	NA	NA	0.00112325049798314	NA	NA	NA	NA	NA	NA	NA	NA	NA	NA	0.000918545967976863	NA	0.00573172684017563	NA	NA	NA	0.00156677697966339	NA	0.000784700698357377	8.39813456435989e-05	NA	NA	0.00262966588546519	NA	NA	NA	NA	NA	NA	NA	NA	NA	NA	NA	NA	NA	NA	NA	0.00149854213632797	NA	NA	NA	NA	NA	NA	NA	NA	NA	NA	NA	NA	NA	NA	NA	NA	NA	NA	NA	NA	0.00938753979272354	NA	0.000196831278852185	NA	NA	NA	NA	NA	0.00154315722620113	NA	0.00121510509478082	NA	NA	NA	NA	0.00373192104703743	0.00524096085157084	NA	0.00058524500245383	NA	NA	0.00277138440623876	0.00225437424712036	NA	NA	NA	NA	NA	NA	NA	NA	NA	8.92301797463238e-05	NA	NA	NA	0.0012728422699108	NA	NA	0.00122560276298627	NA	NA	NA	NA	NA	0.00151166422158478	NA	0.000283437041547146	NA	NA	NA	NA	NA	NA	NA	NA	NA	NA	0.000338549799625758	NA	NA	NA	NA	NA	NA	NA	NA	NA	NA	NA	NA	NA	NA	0.00361907111382884	NA	NA	NA	NA	NA	NA	NA	0.00150379097043069	NA	NA	NA	0.000238821951673984	NA	NA	NA	NA	NA	NA	NA	NA	0.000438277647577532	NA	NA	0.000275563790393059	0.00265328563892745	NA	NA	NA	NA	NA	NA	NA	NA	NA	NA	NA	NA	NA	NA	NA	NA	NA	NA	NA	NA	NA	NA	NA	NA	NA	NA	NA	0.00541942121106349	NA	NA	NA	NA	0.000375291638344833	NA	0.000293934709752596	NA	0.00469508210488745	0.00628023000391038	NA	NA	NA	NA	NA	NA	NA	NA	NA	NA	NA	NA	NA	NA	0.0025588066250784	NA	NA	NA	0.00184758960415918	NA	NA	NA	NA	NA	NA	NA	NA	NA	NA	NA	NA	NA	NA	NA	NA	NA	NA	NA	NA	NA	NA	NA	NA	NA	NA	NA	NA	9.44790138490488e-05	NA	NA	NA	NA	NA	NA	NA	NA	NA	NA	NA	NA	NA	NA	NA	NA	NA	0.900526720502208	NA	0.00171111991748833	NA	NA
G_Protein_T0	NA	NA	NA	NA	0.0019054058895178	NA	0.051996757899262	0.00247411693057247	NA	0.00167254782546393	NA	0.000873217740202049	NA	NA	NA	NA	NA	NA	NA	0.000185838647273769	NA	NA	NA	NA	NA	0.0159619724869241	NA	NA	NA	NA	NA	NA	NA	NA	NA	NA	0.00738204843447732	NA	0.0130019882496238	NA	NA	NA	0.00192779608798452	NA	0.000264204341907287	0.00832019775023286	0.00050154044565451	NA	0.00964569749946264	NA	NA	0.00293087697929354	NA	NA	NA	0.0037637923622555	NA	0.00557292039836641	NA	NA	NA	NA	NA	NA	0.00280996990757326	NA	NA	NA	NA	NA	0.0155791000931432	NA	NA	NA	NA	NA	NA	NA	0.000879934799742065	NA	NA	NA	NA	NA	NA	0.00132773876907645	NA	0.000694096152468296	NA	NA	NA	NA	NA	0.00127176327290965	NA	0.00421159633158988	NA	NA	NA	NA	0.00313686680518736	NA	NA	0.00159418213083041	NA	NA	0.00360258293329512	0.0144730242888873	NA	NA	NA	NA	NA	NA	0.00314358386472738	NA	NA	0.00587294905782045	NA	NA	NA	0.000143297270187003	NA	NA	0.00372125098516873	NA	NA	0.000311223758687397	NA	NA	NA	NA	0.000398545532707602	NA	NA	NA	NA	NA	NA	NA	NA	NA	NA	0.00062916457691481	0.000741115569248406	0.00261293616106613	NA	NA	NA	NA	NA	NA	NA	NA	NA	NA	NA	0.00051273554488787	0.00821496381743928	NA	NA	NA	NA	NA	NA	NA	NA	NA	0.00270025793508634	NA	0.0010926416851759	NA	NA	NA	NA	NA	NA	0.000306745718994053	NA	0.000295550619760694	NA	NA	0.00418472809342982	0.00621104105466791	NA	0.00339883212724798	NA	NA	NA	NA	NA	NA	NA	NA	NA	NA	NA	NA	NA	NA	NA	NA	NA	NA	NA	NA	NA	NA	NA	NA	NA	0.000244053163287239	0.119892795729741	NA	NA	NA	0.001562835852977	NA	0.00107920756609587	NA	0.0313417998137136	0.0972585440997349	NA	NA	NA	NA	0.0279452067063122	0.00044332592964104	NA	NA	NA	NA	0.00050154044565451	NA	NA	NA	0.000694096152468296	NA	NA	NA	0.00279429676864656	0.00178673783764419	NA	NA	NA	0.006817815433116	NA	NA	NA	NA	NA	NA	NA	0.0013635630866232	NA	NA	NA	NA	NA	NA	NA	NA	NA	NA	NA	NA	0.000660510854768217	0.000691857132621624	NA	0.00124937307444293	0.000644837715841513	NA	NA	NA	NA	NA	NA	NA	NA	NA	NA	0.000472433187647775	NA	NA	NA	NA	NA	0.480101830622627	NA	NA	NA	NA
G_Protein_T48	NA	NA	NA	NA	0.00237127576453201	NA	0.000741970066807591	0.000572376908680141	NA	0.000581462256436969	NA	NA	NA	NA	NA	NA	0.00210780067958401	NA	NA	0.00163536259622898	NA	NA	0.000478494981859589	NA	NA	NA	NA	NA	NA	NA	NA	NA	NA	NA	NA	NA	0.000166564708875173	NA	0.00744695671134639	NA	NA	NA	0.00322529845367381	NA	0.0011053839770807	0.000614775198212003	NA	NA	0.000557234662418762	NA	NA	NA	NA	NA	NA	NA	NA	NA	NA	NA	NA	NA	NA	NA	0.000354328562516278	NA	NA	NA	NA	NA	NA	NA	NA	NA	NA	NA	NA	NA	0.0100635368653127	NA	NA	NA	NA	NA	NA	0.000726827820546211	NA	NA	NA	NA	NA	NA	NA	0.00794967928722418	NA	NA	NA	NA	NA	NA	0.00664744610874556	0.00350391578488319	NA	NA	NA	NA	0.0848722902950315	0.00330100968498071	NA	NA	NA	NA	NA	NA	0.00345848904609905	NA	NA	0.000233190592425243	NA	NA	NA	0.000260446635695726	NA	NA	NA	0.000893392529421385	NA	NA	NA	NA	0.00279828710910291	NA	0.000384613055039037	NA	NA	NA	NA	NA	NA	NA	NA	NA	NA	NA	0.00030890182373214	NA	NA	NA	NA	NA	NA	NA	NA	NA	NA	NA	NA	NA	0.00148696858286746	NA	NA	NA	NA	NA	NA	NA	0.00117503830988304	NA	NA	NA	0.00648996674762721	NA	NA	NA	NA	NA	NA	NA	NA	0.00215019896911587	NA	NA	0.000681401081762073	0.000287702678966209	NA	NA	NA	NA	NA	NA	NA	NA	NA	NA	NA	NA	NA	NA	NA	NA	NA	NA	NA	NA	NA	NA	NA	NA	NA	NA	NA	0.00755598088442832	NA	NA	NA	NA	NA	NA	NA	NA	NA	0.000645059690734762	NA	NA	NA	NA	NA	0.000387641504291313	NA	NA	NA	NA	NA	NA	NA	NA	NA	NA	NA	NA	0.000841908892132694	0.0006026614012029	NA	NA	NA	NA	NA	NA	NA	NA	NA	NA	NA	NA	NA	NA	NA	NA	NA	NA	NA	NA	NA	NA	NA	NA	NA	NA	NA	0.00013930866560469	NA	NA	NA	NA	NA	NA	NA	NA	NA	NA	NA	0.000741970066807591	NA	NA	NA	NA	NA	0.821778789952817	NA	0.0044699910963592	NA	NA
H_Balance_T0	NA	NA	NA	0.000966017163653791	0.000444317971913113	NA	0.0822212903193598	0.00788789208564853	NA	NA	NA	NA	0.00101594053128448	NA	NA	0.00212174312430419	NA	0.000511714518214541	NA	NA	NA	NA	NA	NA	NA	0.0623867363596879	0.000733873504171097	NA	NA	NA	NA	NA	NA	NA	NA	NA	0.011412481840375	NA	NA	NA	0.00685947071245638	NA	0.0107784550714653	0.00446065289780187	NA	NA	NA	0.0845152690619898	NA	NA	NA	NA	NA	0.000371929088848617	NA	NA	NA	NA	NA	NA	NA	NA	NA	NA	NA	NA	NA	NA	NA	NA	NA	NA	NA	NA	NA	NA	NA	NA	NA	NA	NA	NA	NA	NA	0.0014827240186314	NA	NA	0.000269586185205709	NA	NA	NA	NA	NA	NA	NA	NA	NA	0.000576614896134434	NA	NA	0.0203312914675972	NA	NA	0.00259601511679572	NA	NA	0.024058070861228	0.0550829476753184	NA	NA	NA	NA	NA	NA	0.000137289260984389	NA	NA	NA	NA	NA	0.000289555532257984	0.000294547869021053	NA	NA	0.0313393940301637	0.00574368344591053	NA	0.00364939817380321	NA	NA	NA	NA	NA	NA	NA	NA	NA	NA	0.000619049758620518	NA	NA	NA	NA	NA	NA	NA	NA	0.025039065035171	NA	NA	NA	NA	NA	NA	NA	NA	NA	0.00115073362388733	0.00329743843200687	NA	NA	NA	NA	NA	NA	NA	NA	NA	0.00513212219243461	NA	0.00364939817380321	NA	NA	NA	NA	NA	NA	NA	NA	NA	NA	NA	0.0326598671039954	NA	NA	0.0390850045180648	NA	NA	NA	NA	NA	NA	NA	NA	NA	NA	0.000389402267519358	NA	NA	NA	NA	NA	NA	NA	NA	NA	NA	NA	NA	NA	0.00293799018506592	NA	NA	NA	NA	NA	NA	NA	0.000509218349833006	NA	NA	NA	NA	0.00341226217755745	NA	NA	NA	NA	NA	NA	NA	NA	0.00136790027308082	NA	NA	NA	NA	NA	NA	NA	NA	0.000237135996245763	NA	NA	NA	NA	NA	NA	0.00177227955088938	NA	NA	NA	NA	0.000903612954115433	NA	NA	NA	NA	0.00034447123665174	NA	NA	NA	NA	0.00018970879699661	NA	NA	NA	0.00103840604671829	NA	0.00127803821134558	0.000721392662263426	NA	NA	NA	0.00191705731701838	NA	NA	NA	NA	NA	NA	NA	NA	NA	NA	NA	NA	0.449809542352489	NA	NA	NA	NA
H_Balance_T48	NA	NA	NA	NA	0.00301661629747711	NA	0.0376966335669135	0.00249078409883431	NA	NA	NA	NA	0.000249078409883431	NA	NA	0.00640408267189178	NA	NA	NA	NA	NA	NA	NA	NA	NA	0.0119917416669434	0.00226661352993923	NA	NA	NA	NA	NA	NA	NA	NA	NA	0.000653138941472109	NA	NA	NA	0.00187362314990092	NA	0.003589496640209	0.000348709773836804	NA	NA	NA	0.00549633024476105	NA	NA	NA	NA	NA	0.000672511706685265	NA	NA	NA	NA	NA	NA	NA	NA	NA	NA	NA	NA	NA	NA	NA	NA	NA	NA	NA	NA	NA	NA	NA	NA	NA	NA	NA	NA	NA	NA	NA	NA	NA	0.00112915545813822	NA	NA	NA	NA	NA	NA	NA	NA	NA	NA	NA	NA	0.0545204963855955	0.00984689980405832	NA	0.00223893815106329	NA	NA	0.0125203414034738	0.00305259429001583	NA	NA	NA	NA	NA	NA	NA	NA	NA	NA	NA	NA	0.0111780855279909	0.00249078409883431	0.00222786799951291	NA	0.00273986250871774	0.00220572769641216	NA	0.00060885833527061	NA	NA	NA	NA	NA	NA	NA	NA	NA	NA	NA	NA	NA	NA	NA	NA	NA	NA	NA	0.00162454474001749	NA	NA	NA	NA	NA	NA	NA	NA	NA	NA	0.00111255023081266	NA	NA	NA	NA	NA	NA	NA	NA	NA	0.00207842095358285	NA	0.0234272082184805	NA	NA	NA	NA	NA	NA	NA	NA	NA	NA	NA	0.0027592352739309	NA	0.00107103716249875	NA	NA	NA	NA	NA	NA	NA	NA	NA	NA	NA	NA	NA	NA	NA	NA	NA	NA	0.000564577729069111	NA	NA	0.00109871254137469	NA	NA	NA	0.00203690788526895	NA	NA	NA	NA	NA	NA	NA	0.000149447045930059	NA	NA	NA	NA	0.000736165078099919	NA	NA	NA	NA	NA	NA	NA	NA	0.000343174698061617	NA	NA	NA	NA	NA	NA	NA	NA	0.000758305381200669	NA	NA	NA	NA	NA	NA	NA	NA	NA	NA	NA	0.00110978269292507	0.0036365447842981	NA	NA	NA	0.000406828069476271	NA	NA	NA	NA	0.000755537843313075	NA	NA	NA	0.00058671803216986	NA	0.000318266857073273	0.000426200834689427	NA	0.000830261366278104	NA	0.00109040992771191	NA	NA	NA	NA	NA	NA	NA	NA	NA	NA	NA	NA	0.771570190295905	NA	NA	NA	NA
H_Protein_T0	NA	NA	NA	0.000518910822232921	0.000117691114320869	NA	0.0670304392018403	0.00571069384261488	NA	NA	NA	NA	0.00357085540041727	NA	NA	0.00224415556625475	NA	NA	NA	NA	NA	NA	NA	NA	NA	0.0399374097255657	0.0021050660675119	NA	NA	NA	NA	NA	NA	NA	NA	NA	0.00763922323864548	NA	NA	NA	0.00268014764885251	NA	0.00718450756967849	0.00344246509388541	NA	NA	NA	0.0641791044776119	NA	NA	NA	NA	NA	0.00153265928422404	NA	NA	NA	NA	NA	NA	NA	NA	NA	NA	NA	NA	NA	NA	NA	NA	NA	NA	NA	NA	NA	NA	NA	NA	NA	NA	NA	NA	NA	NA	0.00110469159578452	NA	NA	NA	NA	NA	NA	NA	NA	NA	NA	NA	NA	0.000922805328197721	NA	NA	0.0178542770020863	NA	NA	0.00251163537152945	NA	NA	0.0203445139891938	0.0415128657786337	NA	NA	NA	NA	NA	NA	0.000222008238378002	NA	NA	NA	NA	NA	NA	NA	NA	NA	0.0106831434226716	0.00536831969186326	NA	0.00216658642272508	NA	NA	NA	NA	NA	NA	NA	NA	NA	NA	0.000572406783287862	NA	NA	NA	NA	NA	NA	NA	NA	0.0188011555127588	NA	NA	NA	NA	NA	NA	NA	NA	NA	0.000751618252821912	0.00278446477290965	NA	NA	NA	NA	NA	NA	NA	NA	NA	0.00337292034451399	NA	0.00197935055903279	NA	NA	NA	NA	NA	NA	NA	NA	NA	NA	NA	0.0222997913657519	NA	4.54715668966993e-05	0.0291312255924678	NA	NA	NA	NA	NA	NA	NA	NA	NA	NA	0.000468089659230728	NA	NA	NA	NA	NA	NA	NA	NA	NA	NA	NA	NA	NA	0.00961322420157278	NA	NA	NA	NA	NA	NA	NA	0.000781041031402129	NA	NA	NA	NA	0.00508746589632483	NA	NA	NA	NA	NA	NA	NA	NA	0.00104584603862408	NA	NA	NA	NA	NA	NA	NA	NA	0.00131065104584604	NA	NA	NA	NA	NA	NA	0.00107794361525705	NA	NA	NA	NA	0.000347723746857112	NA	NA	NA	NA	NA	NA	NA	NA	NA	0.000320975766329642	NA	NA	NA	0.000334349756593377	NA	0.00098700048146365	0.00078906542556037	NA	NA	NA	0.00133472422832076	NA	NA	NA	NA	NA	NA	NA	NA	NA	NA	NA	NA	0.586179318461456	NA	NA	NA	NA
H_Protein_T48	NA	NA	NA	NA	0.00122970379966299	NA	0.00548131337235918	0.00247645299852923	NA	NA	NA	NA	NA	NA	NA	0.00628975230599901	NA	0.000791393534436576	NA	NA	NA	NA	NA	NA	NA	0.00230599900649673	0.0114496381505255	NA	NA	NA	NA	NA	NA	NA	NA	NA	0.0013879825065503	NA	NA	NA	0.00171671520547011	NA	0.00370128668413414	0.00296589946136538	NA	NA	NA	0.00153895604235051	NA	NA	NA	NA	NA	0.00037256372544245	NA	NA	NA	NA	NA	NA	NA	NA	NA	NA	NA	NA	NA	NA	NA	NA	NA	NA	NA	NA	NA	NA	NA	NA	NA	NA	NA	NA	NA	NA	0.0268026727185951	NA	NA	NA	NA	NA	NA	NA	NA	NA	NA	NA	NA	NA	NA	NA	0.0929412566842315	0.00011688273739371	NA	0.00506491862039409	NA	NA	0.0269122502849017	0.0136947607312963	NA	NA	NA	NA	NA	NA	0.00498212668140688	NA	NA	NA	NA	NA	0.00143424859010198	0.000725646994652615	NA	NA	0.000686686082188045	0.00914363914402875	NA	0.00185064334206707	NA	NA	NA	NA	NA	NA	NA	NA	NA	NA	NA	NA	NA	NA	NA	NA	NA	NA	NA	0.000956977412410999	NA	NA	NA	NA	NA	NA	NA	NA	NA	NA	NA	NA	NA	NA	NA	NA	NA	NA	NA	NA	0.000258116045077776	NA	0.0353984240310908	NA	NA	NA	NA	NA	NA	NA	NA	NA	NA	NA	0.000905841214801251	NA	0.00114934691770481	NA	NA	NA	NA	NA	NA	NA	NA	NA	NA	NA	NA	NA	NA	NA	NA	NA	NA	0.00265664721867786	NA	NA	0.000701296424362258	NA	NA	NA	0.00116639231690806	NA	NA	NA	NA	NA	NA	NA	NA	NA	NA	NA	NA	0.000462660835516768	NA	NA	NA	NA	NA	NA	NA	NA	NA	NA	NA	NA	NA	NA	NA	NA	NA	0.00459495261379022	NA	NA	NA	NA	NA	NA	NA	NA	NA	NA	NA	0.00151460547206016	0.000297076957542346	NA	NA	NA	0.000508926919068445	NA	NA	NA	NA	0.000487011405807124	NA	NA	NA	NA	NA	0.000148538478771173	NA	NA	0.000431005094139305	NA	0.00679867922506745	NA	NA	NA	NA	NA	NA	NA	NA	NA	NA	NA	NA	0.715500112012623	NA	NA	NA	NA
I_Balance_T0	NA	NA	NA	NA	0.00233167998438909	NA	0.0348437814234199	0.00436069954381906	NA	NA	NA	0.000109515285347054	0.000702889013227455	NA	NA	0.000756651062397827	NA	NA	NA	NA	NA	NA	NA	0.000579435418836231	NA	0.00458371248852578	0.000935857892965734	NA	NA	NA	NA	NA	NA	NA	0.00676804463444793	NA	0.00729770037812641	0.00196331038822173	0.0235537510976418	NA	NA	0.000256863123813999	0.00595962270988604	NA	NA	0.00701296063622407	0.000905990087871083	NA	NA	NA	NA	0.000957760950035144	NA	0.000796474802524029	NA	0.00334917654461354	NA	NA	NA	NA	NA	NA	NA	NA	NA	NA	NA	NA	NA	NA	NA	0.000342484165085332	NA	NA	NA	NA	NA	NA	0.00159095841804175	NA	NA	NA	NA	NA	0.00107723217041375	NA	NA	NA	NA	NA	NA	NA	NA	NA	0.000718818509277936	0.00101749656022445	NA	NA	NA	NA	0.00413967778611864	NA	NA	NA	NA	NA	0.00562112091881333	0.0161664473042315	NA	NA	NA	NA	NA	8.96034152839532e-05	0.00334917654461354	NA	NA	0.00258854310820309	NA	NA	NA	5.17708621640619e-05	NA	0.000191153952605767	0.00793886259415826	0.00054160286571634	NA	0.00155511705192817	NA	NA	NA	NA	NA	NA	NA	NA	NA	NA	NA	NA	NA	0.000483858442533347	0.00437862022687585	NA	NA	NA	0.00663662629203147	NA	NA	NA	NA	NA	NA	NA	NA	NA	0.00081837785959344	NA	0.000902007713858462	NA	NA	NA	NA	0.000374343157186293	NA	NA	NA	1.39383090441705e-05	0.00558926192671237	NA	0.0018776893469504	NA	NA	0.00404609199682207	NA	0.00100554943818659	NA	NA	0.000432087580369286	0.000226995318719348	NA	NA	0.0185897218909108	NA	NA	0.00483858442533347	0.101560493256845	NA	NA	NA	NA	NA	NA	0.000228986505725658	NA	0.000475893694508107	NA	NA	NA	NA	NA	NA	NA	NA	NA	NA	NA	NA	NA	NA	0.00381909667810272	4.57973011451316e-05	NA	NA	0.000213057009675178	NA	NA	NA	NA	0.000304651611965441	NA	NA	NA	0.0014037868394486	NA	NA	NA	NA	NA	NA	NA	NA	NA	NA	NA	NA	0.000260845497826619	NA	NA	NA	0.0465201020284222	0.000141374277448015	0.00122258882187438	NA	NA	NA	NA	NA	NA	NA	0.000358413661135813	NA	NA	0.000647135777050773	0.000370360783173673	NA	NA	NA	0.00430892868165499	NA	NA	NA	NA	0.00119471220378604	0.0011867474557608	NA	NA	0.00128829799308262	NA	0.00181994492376741	0.00199317819331638	NA	NA	NA	NA	NA	NA	NA	NA	NA	NA	0.000226995318719348	NA	0.00225004131713038	NA	NA	0.000296686863940201	0.622642185686153	NA	NA	NA	NA
I_Balance_T48	NA	NA	NA	NA	0.00201113204073251	NA	0.000542911231653141	0.000646772510752003	NA	0.0272588647962194	NA	0.00134311517743755	NA	NA	NA	0.000639691059904353	NA	NA	NA	NA	NA	NA	NA	NA	NA	0.000403642698316031	0.00303086096279406	NA	NA	NA	NA	NA	NA	NA	0.000767157175162047	NA	0.00384994877750553	NA	0.00611601304875343	NA	NA	0.000127466115257694	0.00227078523847966	NA	0.00144225548930465	1.18024180794161e-05	0.00243129812435972	NA	NA	NA	NA	NA	NA	0.000203001590965957	NA	9.67798282512121e-05	NA	NA	NA	NA	NA	NA	NA	NA	NA	NA	NA	NA	NA	NA	NA	0.00197808527011014	NA	NA	NA	NA	NA	NA	0.000195920140118307	NA	NA	NA	NA	NA	NA	NA	NA	NA	NA	NA	NA	NA	NA	NA	0.00442118581254928	0.000354072542382483	NA	NA	NA	NA	0.00909966433922982	NA	NA	NA	NA	NA	0.00626472351655407	0.000179396754807125	NA	NA	NA	NA	NA	NA	0.000200641107350074	NA	NA	NA	NA	NA	NA	0.00183409576954126	NA	0.00591537194140335	0.00103625230737273	0.000729389437307916	NA	0.00028561851752187	NA	NA	0.00110470633223335	NA	0.00100320553675037	NA	NA	NA	NA	NA	NA	NA	NA	NA	NA	NA	NA	NA	0.000446131403401929	NA	NA	NA	NA	NA	NA	NA	NA	NA	6.13725740129638e-05	NA	0.000224245943508906	NA	NA	NA	NA	NA	NA	NA	NA	0.000184117722038891	NA	NA	0.00645592268944061	NA	NA	0.000245490296051855	NA	0.000266734648594804	NA	NA	NA	0.00139504581698698	NA	NA	0.000790762011320879	NA	NA	0.000231327394356556	0.0121564906217986	NA	NA	NA	NA	NA	NA	NA	NA	0.000295060451985403	NA	NA	NA	NA	NA	NA	NA	0.019304035010693	NA	NA	0.00479650270747471	NA	NA	NA	0.000250211263283622	0.000932391028273873	NA	NA	NA	NA	NA	NA	NA	NA	NA	NA	NA	NA	NA	NA	NA	0.00215748202491727	NA	NA	NA	NA	NA	NA	NA	NA	0.00421346325435155	NA	NA	NA	0.0115167995618942	NA	NA	NA	NA	NA	NA	NA	NA	NA	NA	0.000668016863294952	NA	0.000528748329957842	0.0027570448633516	0.000998484569518603	NA	NA	NA	NA	NA	NA	NA	NA	NA	NA	NA	0.000127466115257694	NA	NA	NA	NA	NA	NA	NA	NA	NA	NA	NA	NA	NA	NA	NA	NA	NA	NA	NA	0.840367574508665	NA	NA	NA	NA
I_Protein_T0	NA	NA	NA	NA	0.00244830621485007	NA	0.0335120148848585	0.00577420766064209	NA	NA	NA	0.00207671183778456	0.00212678483894942	NA	NA	0.000856511862030434	NA	NA	NA	NA	NA	NA	NA	0.00119384576461473	NA	0.00218476410345609	0.00110951228896865	NA	NA	NA	NA	NA	NA	NA	0.0525054948530226	NA	0.00577420766064209	0.00630129188343005	0.0156886618912836	NA	NA	0.000566615539497056	0.00490978953526984	NA	6.32501067345551e-05	0.00595605171750394	0.000300438006989137	NA	NA	NA	NA	0.000434844483800066	NA	0.000426938220458247	NA	0.00213996194451911	NA	NA	NA	NA	NA	NA	NA	NA	NA	NA	NA	NA	NA	NA	NA	0.000353146429267933	NA	NA	NA	NA	NA	NA	0.000877595230941952	NA	NA	NA	NA	NA	0.00111478313119653	NA	NA	NA	NA	NA	NA	NA	NA	NA	NA	0.000608782277320093	NA	NA	NA	NA	0.00363161029500904	NA	NA	NA	NA	NA	0.00609045819431487	0.0136936481080312	NA	NA	NA	NA	NA	0.000229281636912762	0.00209779520669608	NA	NA	0.00212942026006336	NA	NA	NA	0.000376865219293391	NA	0.000624594804003732	0.00621695840778398	0.00078008464972618	NA	0.00125709587134928	NA	NA	NA	NA	0.000419031957116428	NA	NA	NA	NA	NA	NA	NA	NA	0.000727376227447384	0.00628547935674641	NA	NA	NA	0.00528665475456323	NA	NA	NA	NA	NA	NA	NA	NA	NA	0.00152590882497114	NA	0.00178418009413724	NA	NA	NA	NA	0.000448021589369765	NA	NA	NA	NA	0.00569250960610996	NA	0.0021188785756076	NA	NA	0.00369749582285753	NA	0.000787990913067999	NA	NA	0.00113850192122199	2.10833689115184e-05	NA	NA	0.014009898641704	NA	NA	0.00529456101790505	0.082164524069301	NA	NA	NA	NA	NA	NA	7.11563700763745e-05	NA	NA	0.00210306604892396	NA	NA	NA	NA	NA	NA	NA	NA	NA	NA	NA	NA	NA	0.00753203354363994	NA	NA	NA	0.000463834116053404	NA	NA	NA	NA	0.000737917911903143	NA	NA	NA	0.00151800256162932	NA	NA	NA	NA	NA	NA	NA	NA	NA	NA	NA	NA	0.000345240165926113	NA	NA	NA	0.0396630877647939	0.000785355491954059	0.00187905525423907	NA	NA	NA	NA	NA	NA	NA	0.00126763755580504	3.68958955951572e-05	NA	NA	0.00051127169610432	NA	NA	NA	0.00359471439941388	NA	NA	NA	NA	0.000629865646231611	0.000943480758790447	NA	NA	0.000637771909573431	NA	0.00111478313119653	0.0021188785756076	NA	NA	NA	NA	NA	NA	NA	NA	NA	NA	0.000353146429267933	NA	0.00160497145838934	NA	NA	0.000303073428103077	0.613504951956273	NA	NA	NA	NA
I_Protein_T48	NA	NA	NA	NA	0.0106511793684971	NA	0.000202623856884084	0.000695756617011615	NA	0.00737502014032312	NA	0.00118888937713915	0.000209947610747365	NA	NA	NA	NA	NA	NA	NA	NA	NA	NA	NA	NA	0.000500456513990811	0.000485809006264251	NA	NA	NA	NA	NA	NA	NA	0.00554652292579084	NA	0.0132535532412493	0.000368628944451768	0.00412327342502673	NA	NA	NA	0.00325418796658415	NA	0.000637166586105374	NA	0.00132071694667819	NA	NA	NA	NA	NA	NA	NA	NA	NA	NA	NA	NA	NA	NA	NA	NA	NA	NA	NA	NA	NA	NA	NA	NA	0.000136710072114563	NA	NA	NA	NA	NA	NA	0.0148818678501853	NA	NA	NA	NA	NA	0.00774609033606265	NA	NA	NA	NA	NA	NA	NA	NA	NA	0.00367164193679112	0.000227036369761685	NA	NA	NA	NA	0.00412083217373897	NA	NA	NA	NA	NA	0.0311479251805305	0.0053780765869354	NA	NA	NA	NA	NA	0.00227280494890461	0.00313212540219615	NA	NA	NA	NA	NA	NA	NA	NA	0.00172108215787084	0.00046139649338665	0.0009105867303345	NA	0.000231918872337205	NA	NA	0.00107170931532666	NA	0.000424777724070249	NA	NA	NA	NA	NA	NA	NA	NA	NA	NA	NA	NA	NA	0.000300273908394487	NA	NA	NA	NA	NA	NA	NA	NA	NA	NA	NA	3.17362667408807e-05	NA	NA	NA	NA	NA	NA	NA	NA	0.000519986524292891	NA	NA	0.0161415535146695	NA	NA	NA	NA	NA	NA	NA	NA	0.00224839243602701	NA	NA	NA	NA	NA	0.0010570618076001	0.0252571858231655	NA	NA	NA	NA	NA	NA	0.0201891481497756	NA	0.000234360123624965	NA	NA	NA	NA	NA	NA	NA	0.00863226455351955	NA	NA	0.00046872024724993	NA	NA	NA	0.0018455859735466	0.000227036369761685	NA	NA	NA	NA	NA	NA	NA	NA	NA	NA	NA	NA	NA	NA	NA	0.000717727878601456	NA	NA	NA	NA	NA	NA	NA	NA	0.0293389579763003	NA	NA	NA	0.0017113171527198	0.000583459057774653	NA	NA	NA	NA	NA	NA	NA	NA	NA	0.00136710072114563	NA	0.00194811852763252	0.0054757266384458	NA	NA	NA	0.000214830113322885	NA	NA	NA	NA	NA	NA	NA	NA	0.000292950154531207	NA	0.000402806462480409	NA	NA	NA	NA	NA	NA	NA	NA	NA	NA	NA	0.00154531206515211	NA	NA	NA	NA	NA	0.751898072876233	NA	NA	NA	NA
J_Balance_T0	NA	0.00299420792565202	NA	NA	NA	0.00666626151753283	0.00917429048257937	0.00156138243117529	0.00475894405669595	NA	0.000287500058434971	NA	0.000610061099605915	NA	NA	NA	NA	NA	NA	NA	NA	NA	NA	NA	0.00158943121736407	0.0430455372043775	NA	NA	NA	NA	NA	NA	NA	NA	NA	NA	0.00638343625679599	NA	NA	NA	NA	NA	NA	NA	NA	0.0178507150103079	NA	NA	0.0198491910262583	NA	0.0403061057532735	NA	NA	NA	NA	NA	NA	NA	NA	0.00508150509786689	NA	NA	NA	NA	NA	NA	0.000294512254982166	NA	NA	0.00682286724042017	NA	NA	NA	NA	NA	NA	NA	NA	NA	NA	NA	NA	NA	NA	0.00011686994245324	0.000385670810095693	NA	0.000479166764058285	NA	NA	NA	NA	NA	NA	NA	NA	NA	NA	NA	NA	0.0010892278636642	NA	NA	0.00404837480658024	NA	NA	0.00417225694558068	0.0132039660983671	NA	NA	NA	NA	NA	NA	0.000675508267379729	NA	NA	0.00230935006287603	NA	NA	NA	0.000453455376718572	NA	0.00355752104827664	0.00144451248872205	NA	NA	0.000362296821605045	NA	NA	NA	NA	0.000411382197435406	NA	0.00952957510763722	NA	NA	NA	0.00201951260559199	0.0011686994245324	NA	NA	NA	NA	NA	NA	NA	0.00754278608593213	0.0224086427659843	NA	NA	NA	NA	NA	NA	NA	NA	0.00530355798852805	0.00738384296419572	NA	NA	NA	NA	0.000743292834002609	NA	NA	NA	NA	0.0225091509164941	NA	0.000946646533871247	0.0157353690519043	0.00271839486146237	0.00222052890661157	0.00413719596284471	NA	NA	NA	NA	NA	NA	NA	0.0050277449243384	0.0132647384684428	NA	NA	NA	NA	NA	NA	NA	NA	NA	0.000208028497566768	NA	NA	NA	NA	NA	NA	NA	NA	NA	NA	NA	NA	NA	NA	NA	NA	0.00210132156530926	NA	NA	0.0268590501746037	NA	NA	NA	NA	NA	0.00237947202834797	0.0722840594073291	NA	0.0251644360090317	NA	NA	NA	NA	NA	NA	NA	NA	NA	0.00141178890483514	NA	NA	0.00700985914834535	NA	NA	0.000532926937586776	NA	NA	NA	NA	NA	NA	0.0174416702117216	NA	NA	NA	0.00117103682338147	NA	NA	NA	0.000373983815850369	0.000600711504209655	0.000715244047813831	NA	NA	0.00210132156530926	NA	NA	NA	NA	0.00135802873130665	NA	NA	NA	0.000612398498454979	0.000778353816738581	0.00180213451262897	0.0012949189623819	0.000222052890661157	NA	NA	NA	NA	NA	NA	NA	NA	NA	NA	NA	NA	NA	NA	NA	0.510932014417076	NA	NA	NA	NA
J_Balance_T48	NA	NA	NA	NA	NA	NA	NA	0.000258722649319929	0.000234082397003745	0.00602946974177016	0.000810664301202444	NA	NA	NA	NA	NA	NA	NA	0.0015153755174453	NA	0.00115069978316578	NA	NA	NA	9.11689335698798e-05	0.00221515868322492	0.000611078257441356	NA	NA	NA	NA	NA	NA	NA	NA	NA	0.00587670017740982	NA	NA	NA	NA	NA	NA	NA	0.00130593337275774	0.00168046520796373	0.000975753991720875	NA	0.00220037453183521	NA	0.0131800709639267	NA	NA	NA	NA	NA	NA	NA	NA	0.000416420264143505	NA	NA	NA	NA	NA	0.003996648925685	0.00086240883106643	NA	NA	NA	NA	NA	NA	NA	NA	NA	NA	NA	0.00306771141336487	NA	NA	NA	NA	NA	NA	0.000330179381036862	NA	0.0144416518825153	NA	NA	NA	NA	NA	NA	NA	NA	NA	NA	NA	NA	0.00793169722057954	NA	NA	NA	NA	NA	0.0213310664301202	0.00238517642420658	NA	NA	NA	NA	NA	NA	0.00130593337275774	NA	NA	0.00177902621722846	NA	NA	NA	0.00263157894736842	0.00384634338655628	0.00252069781194559	0.00166075300611078	NA	NA	0.00186526710033511	NA	NA	NA	NA	0.00223240685984625	NA	NA	NA	NA	NA	NA	NA	NA	NA	NA	NA	NA	NA	NA	NA	0.000556869702345752	NA	NA	NA	NA	NA	NA	NA	NA	0.00030307510348906	0.00298639858072147	NA	NA	NA	NA	NA	NA	NA	NA	NA	0.00538635915631776	NA	0.00435146855903804	0.00957766607530061	0.000359747683816282	NA	0.00106199487482752	NA	NA	NA	NA	NA	NA	NA	NA	NA	NA	NA	NA	NA	NA	NA	NA	NA	NA	NA	NA	NA	NA	NA	NA	NA	NA	NA	NA	NA	NA	NA	NA	NA	NA	NA	0.00018233786713976	0.0155036467573428	NA	NA	NA	NA	NA	NA	NA	NA	0.000199586043761088	NA	NA	NA	NA	NA	NA	NA	NA	NA	NA	NA	NA	NA	NA	0.000165089690518431	NA	NA	0.000300611078257441	NA	NA	NA	NA	NA	NA	NA	NA	NA	NA	NA	NA	NA	NA	0.00361965306524739	0.0109525921545437	0.00165828898087916	NA	NA	0.000753991720875222	NA	NA	NA	NA	0.00211659767396018	NA	NA	NA	0.000172481766213286	0.00172728168736448	NA	0.00034742755765819	NA	NA	NA	NA	NA	NA	NA	NA	NA	NA	NA	NA	NA	NA	NA	NA	0.826976148235758	NA	NA	NA	NA
J_Protein_T0	NA	0.00329622114971303	NA	NA	NA	0.00544099207347901	0.00826282463880766	0.00237417009837438	0.00360802585306426	NA	0.0011648132846621	NA	0.00576615983554529	NA	NA	NA	NA	NA	NA	NA	NA	NA	NA	NA	0.00203786645404555	0.0357417277098613	0.000420936349524164	NA	NA	NA	NA	NA	NA	NA	NA	NA	0.00728063982325128	NA	NA	NA	NA	NA	NA	NA	NA	0.0127839928374005	NA	NA	0.0133029249508351	NA	0.0286882598847659	NA	NA	NA	NA	NA	NA	NA	NA	0.00351003008915387	NA	NA	NA	NA	NA	0.000135857763603037	NA	NA	NA	0.00959690333386043	NA	NA	NA	NA	NA	NA	NA	NA	0.000331849291423812	NA	NA	NA	NA	NA	0.000565702818937236	0.000273942703658583	NA	0.000416481996619146	NA	NA	NA	NA	NA	NA	NA	NA	NA	NA	NA	NA	0.0015434332815886	NA	NA	0.0043274038472246	NA	NA	0.00453675843376043	0.0100312027420996	NA	NA	NA	NA	NA	NA	NA	NA	NA	0.00185523798493983	NA	NA	NA	NA	NA	0.00354343773594151	0.000853008581310872	NA	NA	0.000605791995082394	NA	NA	NA	NA	0.000200445880725792	NA	0.00710023853059806	NA	NA	NA	0.00193764351368266	0.00101336528589151	NA	NA	NA	NA	NA	NA	NA	0.00867262510606928	0.016817409392894	NA	NA	NA	NA	NA	NA	NA	NA	0.00282405974178116	0.00574166089456769	NA	NA	NA	NA	0.00105122728558415	NA	NA	NA	NA	0.0197840084276357	NA	0.000730513876422887	0.0210089554765155	0.00344321479557861	0.00337194514909833	0.00772830229020555	NA	NA	NA	NA	NA	NA	NA	0.00486415337227923	0.00953231521673768	NA	NA	NA	NA	NA	NA	NA	NA	NA	0.000244989409775968	NA	NA	0.00140980269443807	NA	NA	NA	NA	NA	NA	NA	NA	NA	NA	NA	NA	NA	0.0139599420043252	0.000120267528435475	NA	0.0593520252829071	NA	NA	NA	NA	NA	0.00293987291731162	0.0765970525546828	NA	0.0177884583261878	NA	NA	NA	NA	NA	NA	NA	NA	NA	0.000690424700277729	NA	NA	0.00649221935906316	NA	NA	0.000336303644328829	NA	NA	NA	NA	NA	NA	0.0204521613633883	NA	NA	NA	0.00165701928066655	NA	NA	NA	0.000265033997848548	0.000628063759607482	0.000432072231786708	NA	NA	0.00160579422225885	NA	NA	NA	NA	0.00181292163234217	NA	NA	NA	0.00112026975561193	0.00206459257147566	0.00170824433907425	0.00160802139871136	0.000458798349216813	NA	NA	NA	NA	NA	NA	NA	NA	NA	NA	NA	NA	NA	NA	NA	0.498136966897476	NA	NA	NA	NA
J_Protein_T48	NA	NA	NA	NA	NA	0.00500651694169572	NA	0.000197625668751147	0.000889315509380161	0.000432894322026322	0.00186803310700489	NA	NA	NA	NA	NA	NA	NA	0.00223740489264691	NA	0.00869788211158322	NA	NA	NA	0.000138808505432353	0.00343727502435031	0.0116716778889814	NA	NA	NA	NA	NA	NA	NA	NA	NA	0.0156688923081266	NA	NA	NA	NA	NA	NA	NA	0.00105870893973829	0.000489358798812364	0.00283969264503136	NA	0.000435247008559074	NA	0.00110811535692607	NA	NA	NA	NA	NA	NA	NA	NA	0.0124315956390602	NA	NA	NA	NA	NA	0.000924605807371438	NA	NA	NA	NA	NA	NA	NA	NA	NA	NA	NA	NA	0.00195978788178221	NA	NA	NA	NA	NA	0.00048465342574686	0.00022821059367692	NA	0.000818734913397609	NA	NA	NA	NA	NA	NA	NA	NA	NA	NA	NA	NA	0.00678514796045604	NA	NA	0.0012139862508999	NA	NA	0.00768387421596721	0.00128456684688246	NA	NA	NA	NA	NA	NA	0.00231269086169497	NA	NA	0.000183509549554636	NA	NA	NA	0.000411720143231556	NA	0.000162335370759871	0.00223740489264691	NA	NA	0.001004597149485	NA	NA	NA	NA	NA	NA	0.000818734913397609	NA	NA	NA	NA	NA	NA	NA	NA	NA	NA	NA	NA	0.000112928953572084	NA	NA	NA	NA	NA	NA	NA	NA	NA	0.000294085816593969	0.000865788644052644	NA	NA	NA	NA	NA	NA	NA	NA	NA	0.000157629997694367	NA	0.00343727502435031	0.00327964502665594	NA	NA	NA	NA	NA	NA	NA	NA	NA	NA	NA	NA	NA	NA	NA	NA	NA	NA	NA	NA	NA	0.0552857808331334	NA	NA	NA	NA	NA	NA	NA	NA	NA	NA	NA	NA	NA	NA	NA	NA	0.0010775304320003	0.0062510881175214	NA	NA	NA	NA	NA	NA	NA	NA	NA	NA	NA	NA	NA	NA	NA	NA	NA	NA	NA	NA	NA	NA	NA	0.00828380928181891	NA	NA	0.00219740922159013	NA	NA	NA	NA	NA	NA	NA	NA	NA	NA	NA	NA	NA	NA	0.00258560249949417	0.000736390884751297	0.00303967100031526	NA	NA	0.000670515661834249	NA	NA	NA	NA	0.00118810669903963	NA	NA	NA	NA	0.000595229692786193	0.000119987013170339	NA	NA	NA	NA	NA	NA	NA	NA	NA	NA	NA	NA	NA	NA	NA	NA	NA	0.810540506204034	NA	NA	NA	NA
K_Balance_T0	NA	NA	NA	NA	NA	NA	0.00969476530532016	NA	NA	NA	NA	NA	0.00443716691336585	0.00170923224705927	NA	NA	NA	NA	NA	NA	NA	NA	NA	NA	NA	NA	NA	NA	NA	NA	NA	NA	0.062410906269122	NA	NA	NA	NA	0.000642671324894284	0.0109630156326381	NA	0.00467645942795415	NA	0.00168530299560044	NA	NA	NA	NA	NA	NA	NA	NA	NA	NA	NA	NA	NA	NA	NA	0.00215363263129467	NA	NA	NA	NA	NA	NA	NA	NA	NA	NA	NA	NA	NA	NA	NA	NA	NA	NA	NA	NA	NA	NA	NA	NA	NA	0.000403378810305987	NA	NA	NA	0.00894270311661408	NA	NA	NA	NA	NA	NA	NA	NA	NA	NA	NA	0.0111168465348735	NA	NA	NA	NA	0.0556628573577321	0.000355520307388327	NA	NA	NA	NA	NA	NA	NA	0.0014391735520239	NA	NA	NA	NA	NA	NA	0.000331591055929498	NA	NA	0.0013468750106827	NA	NA	NA	NA	NA	NA	NA	NA	NA	NA	NA	NA	NA	NA	NA	NA	NA	NA	NA	NA	NA	NA	NA	0.0204492546038171	NA	NA	NA	NA	NA	NA	NA	NA	NA	0.000570883570517795	NA	NA	NA	NA	NA	NA	NA	0.000307661804470668	0.000157249366729452	NA	NA	0.000570883570517795	0.00218098034724762	0.00571225416967207	NA	NA	0.00696683063901357	NA	NA	NA	NA	NA	NA	0.00149728744842392	NA	NA	NA	0.0544048624238964	0.0392610647149513	NA	NA	NA	NA	NA	NA	NA	NA	0.00273477159529483	NA	NA	NA	NA	NA	NA	NA	NA	NA	NA	NA	NA	NA	0.0226199795575823	0.000239292514588297	NA	NA	NA	NA	NA	NA	NA	NA	NA	0.00432435758505994	NA	NA	NA	NA	NA	0.000290569482000075	NA	NA	0.00238608821689474	NA	NA	NA	NA	NA	NA	NA	NA	NA	NA	0.0139507536004977	NA	NA	NA	NA	NA	NA	NA	NA	NA	NA	NA	NA	NA	NA	NA	NA	NA	NA	NA	NA	NA	NA	NA	NA	NA	NA	NA	NA	NA	NA	NA	NA	NA	NA	NA	NA	NA	NA	NA	NA	NA	NA	NA	NA	0.00144942894550626	0.641953447350519	NA	NA	NA	NA
K_Balance_T48	NA	NA	NA	NA	NA	NA	NA	NA	NA	NA	NA	NA	0.000475029947540171	0.00158205626006857	NA	NA	NA	NA	NA	NA	NA	NA	NA	NA	NA	NA	0.00655954397125036	NA	NA	NA	NA	NA	0.0206121690280474	NA	NA	NA	NA	NA	0.0019579495229047	NA	NA	NA	NA	NA	NA	NA	NA	NA	NA	NA	NA	NA	NA	NA	NA	NA	NA	NA	0.000574166632244207	NA	NA	NA	NA	NA	NA	NA	NA	NA	NA	NA	NA	0.00251972406956091	NA	NA	NA	NA	NA	NA	NA	NA	NA	NA	NA	NA	NA	NA	NA	NA	0.00280474203808501	NA	NA	NA	NA	NA	NA	NA	NA	NA	NA	NA	0.0052707670700979	NA	NA	NA	NA	0.0011235490933124	0.000301540749308109	NA	NA	NA	NA	NA	NA	NA	0.000627865669792226	NA	NA	NA	NA	NA	NA	0.00393242182659342	0.000768309306456277	0.00280887273328101	0.00130529968193647	NA	NA	NA	NA	NA	NA	NA	NA	NA	NA	NA	NA	NA	NA	NA	NA	NA	NA	NA	NA	NA	NA	NA	NA	NA	NA	NA	NA	NA	NA	NA	NA	NA	0.00115246395968441	NA	NA	NA	NA	NA	NA	NA	0.00433309926060556	0.00160270973604858	NA	NA	0.00107811144615639	0.000904622247924326	0.000669172621752241	NA	NA	0.00134660663389648	NA	NA	NA	NA	NA	NA	0.000380023958032137	NA	NA	NA	0.00493205006402578	0.00283365690445702	NA	NA	NA	NA	NA	NA	NA	NA	0.000169358503036061	NA	NA	NA	NA	NA	NA	NA	NA	NA	NA	NA	NA	NA	0.0044446280308976	0.00790615060514685	NA	NA	NA	NA	NA	NA	NA	NA	NA	0.00118964021644843	NA	NA	NA	NA	NA	0.000607212193812219	NA	NA	NA	NA	NA	NA	NA	NA	0.000454376471560164	NA	NA	NA	NA	0.00826965178239498	NA	NA	NA	NA	NA	NA	NA	NA	NA	NA	NA	NA	NA	NA	NA	NA	NA	NA	NA	NA	NA	NA	NA	NA	NA	NA	NA	NA	NA	NA	NA	NA	NA	NA	NA	NA	NA	NA	NA	NA	NA	NA	NA	NA	0.000475029947540171	0.901743153372713	NA	NA	NA	NA
K_Protein_T48	NA	NA	NA	NA	NA	NA	NA	NA	NA	NA	NA	NA	0.00180655417855981	0.00475846370632655	0.00176319687827438	NA	NA	NA	NA	NA	NA	NA	NA	NA	NA	NA	0.000672038154424251	NA	NA	NA	NA	NA	0.0334682227119991	NA	NA	NA	NA	0.000570871120424902	0.000657585720995773	NA	NA	NA	0.0003866025942118	NA	NA	NA	NA	NA	NA	NA	NA	NA	NA	NA	NA	NA	NA	NA	0.00111645048234997	NA	NA	NA	NA	NA	NA	NA	NA	NA	NA	NA	NA	0.000426346786140116	NA	NA	NA	NA	NA	NA	NA	NA	NA	NA	NA	NA	0.0191025038840915	NA	NA	NA	0.00168009538606063	NA	NA	NA	NA	NA	NA	NA	NA	NA	NA	NA	0.0050980958918958	NA	NA	NA	NA	0.00202334067998699	0.003533619973263	NA	NA	NA	NA	NA	NA	NA	0.00519203670918091	NA	NA	NA	NA	NA	NA	0.0011959388662066	0.00113812913249268	0.000968313039708061	0.00356252484011995	NA	NA	NA	NA	NA	NA	NA	NA	NA	NA	NA	NA	NA	NA	NA	NA	NA	NA	NA	NA	NA	NA	NA	NA	NA	NA	NA	NA	NA	NA	NA	NA	NA	0.00029627488528381	NA	NA	NA	NA	NA	NA	NA	0.000722621671423926	0.000552805578639303	NA	NA	0.00267731329262565	0.000982765473136539	0.000303501101998049	NA	NA	0.00105864074863605	NA	NA	NA	NA	NA	NA	0.000364923944069083	NA	NA	NA	0.00451638544639954	0.0252881453914803	NA	NA	NA	NA	0.00801026122773422	NA	NA	NA	0.000169816092784623	NA	NA	NA	NA	NA	NA	NA	NA	NA	NA	NA	NA	NA	0.000234852043212776	0.00355891173176283	NA	NA	NA	NA	NA	NA	NA	NA	NA	0.000408281244354518	NA	NA	NA	NA	NA	NA	NA	NA	0.000476930303139791	NA	NA	NA	NA	NA	0.00224012718141417	NA	NA	NA	NA	0.0249376738808397	NA	NA	NA	NA	NA	NA	NA	NA	NA	NA	NA	NA	NA	NA	NA	NA	NA	NA	NA	NA	NA	NA	NA	NA	NA	NA	NA	NA	NA	NA	NA	NA	NA	NA	NA	NA	NA	NA	NA	NA	NA	NA	NA	NA	0.000982765473136539	0.826328720598331	NA	NA	0.00676735195288507	NA
L_Balance_T0	NA	NA	NA	NA	NA	NA	0.0328182930271949	NA	NA	NA	0.00437000094099934	NA	NA	0.00134751105674226	0.00182553872212289	NA	NA	NA	NA	NA	NA	NA	NA	NA	NA	0.0110247482826762	NA	NA	NA	NA	NA	NA	NA	0.00211536651924344	NA	NA	NA	NA	0.00376399736520184	NA	0.00316928578149995	NA	0.00356826950221135	NA	NA	NA	NA	NA	NA	NA	NA	NA	NA	NA	NA	NA	NA	NA	NA	NA	NA	NA	NA	NA	NA	NA	NA	NA	NA	NA	NA	NA	NA	NA	NA	NA	NA	NA	NA	NA	NA	NA	NA	NA	NA	NA	NA	0.000334995765502964	NA	NA	NA	NA	NA	NA	NA	NA	NA	NA	0.00280417803707537	NA	NA	NA	NA	NA	0.00370000940999341	NA	NA	NA	0.000997459301778489	0.00536369624541263	NA	NA	NA	NA	0.00351180954173332	NA	NA	NA	NA	NA	0.00073397948621436	NA	NA	NA	0.00161851886703679	NA	NA	NA	NA	NA	NA	NA	NA	NA	NA	NA	NA	NA	NA	NA	NA	NA	NA	NA	NA	NA	NA	NA	0.0310567422602804	NA	NA	NA	NA	NA	NA	0.00105768325962172	NA	NA	NA	NA	NA	NA	NA	NA	NA	NA	NA	NA	NA	NA	NA	NA	0.00220946645337348	0.0154474451867884	NA	NA	NA	NA	NA	NA	NA	NA	NA	NA	NA	NA	NA	NA	NA	NA	NA	NA	0.00091841535710925	NA	NA	NA	NA	NA	0.00870612590571187	0.00380916533358427	NA	NA	NA	NA	NA	NA	NA	NA	NA	0.596213418650607	NA	0.000402747718076597	NA	NA	NA	NA	NA	NA	NA	NA	NA	NA	NA	0.00370753740472382	NA	NA	NA	NA	NA	NA	NA	NA	NA	0.00214171450079985	NA	NA	0.000350051754963772	NA	NA	0.00668109532323327	NA	NA	NA	NA	NA	NA	NA	NA	NA	NA	NA	NA	NA	NA	NA	NA	NA	NA	NA	0.00197986261409617	NA	NA	NA	NA	NA	NA	NA	NA	NA	NA	NA	NA	NA	NA	NA	NA	NA	NA	NA	NA	NA	0.000176907876164487	NA	NA	NA	NA	NA	0.242073962548226	NA	NA	NA	NA
L_Balance_T48	NA	NA	NA	NA	NA	NA	NA	NA	NA	NA	0.00129339381146989	NA	0.00124848430412718	0.00090717204832263	0.000309875600664661	NA	NA	NA	NA	NA	NA	NA	NA	NA	NA	2.24547536713522e-05	0.00129339381146989	NA	NA	NA	NA	NA	NA	0.00270804329276508	NA	NA	NA	NA	0.000916153949791171	NA	NA	NA	NA	NA	NA	NA	NA	NA	NA	NA	NA	NA	NA	NA	NA	NA	NA	NA	NA	NA	NA	NA	NA	NA	NA	NA	NA	NA	NA	NA	NA	NA	NA	NA	NA	NA	NA	NA	NA	NA	NA	NA	NA	NA	NA	NA	NA	0.000363767009475906	NA	NA	NA	NA	NA	NA	NA	NA	NA	NA	0.00214667445098127	NA	0.00198050927381327	0.000422149369021422	NA	NA	0.000462567925629856	NA	0.000431131270489963	NA	0.000359276058741636	NA	NA	NA	NA	NA	0.00267211568689091	NA	NA	NA	NA	0.000498495531504019	0.00315264741545785	0.00220954776126106	0.00323797547940899	NA	0.00060627834912651	NA	NA	NA	NA	NA	NA	NA	NA	NA	NA	NA	NA	NA	NA	NA	NA	NA	NA	NA	NA	NA	NA	NA	0.00133830331881259	NA	NA	NA	NA	NA	NA	0.0220730228589392	NA	NA	NA	NA	NA	NA	NA	NA	NA	NA	NA	NA	NA	NA	NA	NA	NA	0.000332330354336013	NA	NA	NA	NA	NA	NA	NA	NA	NA	NA	NA	NA	NA	0.000839807787308573	NA	NA	NA	NA	NA	NA	NA	NA	NA	0.00121704764898729	0.000390712713881529	0.000772443526294516	NA	NA	NA	NA	NA	NA	NA	NA	NA	0.0452059100911663	0.00465711591143845	0.00451789643867607	NA	NA	NA	NA	NA	NA	NA	NA	NA	NA	NA	0.000121255669825302	NA	NA	NA	0.00178290744150537	NA	NA	NA	NA	NA	0.000363767009475906	NA	NA	0.00119459289531594	NA	NA	0.00389814523734675	NA	0.00353886917860511	NA	NA	NA	NA	NA	NA	NA	NA	NA	NA	NA	NA	0.00351192347419949	NA	NA	NA	NA	0.000251493241119145	NA	NA	NA	NA	NA	NA	NA	NA	NA	NA	NA	NA	NA	NA	NA	NA	NA	NA	NA	NA	NA	0.000741006871154623	NA	NA	NA	NA	NA	0.875793775542282	NA	NA	0.000215565635244981	NA
L_Protein_T48	NA	NA	NA	NA	NA	NA	0.00182107411236027	NA	NA	NA	0.00905448760866189	NA	0.00579262250740481	0.00355109451910253	0.00448841207693503	NA	NA	NA	NA	NA	NA	NA	NA	NA	NA	0.000182107411236027	0.000760566246926937	NA	NA	NA	NA	NA	NA	0.00725751594778873	NA	NA	NA	NA	0.0044562754749522	NA	0.00075253209643123	NA	0.000179429361070792	NA	NA	NA	NA	NA	NA	NA	NA	NA	NA	NA	NA	NA	NA	NA	NA	NA	NA	NA	NA	NA	NA	NA	NA	NA	NA	NA	NA	NA	NA	NA	NA	NA	NA	NA	NA	NA	NA	NA	NA	NA	0.0141990219760797	NA	NA	0.00265662576391381	NA	NA	NA	NA	NA	NA	NA	NA	NA	NA	0.000243702565036448	NA	0.0070298816837437	0.000859654103040658	NA	NA	0.00310921624183864	NA	0.00593723721632754	NA	0.013066206756185	0.00185053266417787	NA	NA	NA	NA	0.00299406008473351	NA	NA	NA	NA	0.0034359383619974	0.00316813334547383	0.00189873756715211	0.00392602154223553	NA	0.00403849964917543	NA	NA	NA	NA	NA	NA	NA	NA	NA	NA	NA	NA	NA	NA	NA	NA	NA	NA	NA	NA	NA	NA	NA	0.00180500581136886	NA	NA	NA	NA	NA	NA	0.0220965919133597	NA	NA	NA	NA	NA	NA	NA	NA	NA	NA	NA	NA	NA	NA	0.00123725917633889	NA	0.000313331869332576	0.000859654103040658	NA	NA	NA	NA	NA	NA	NA	NA	NA	NA	NA	NA	NA	0.065628297349266	NA	NA	NA	NA	0.00299406008473351	NA	NA	NA	NA	0.000755210146596466	0.000457946578255304	0.00171930820608132	NA	NA	NA	NA	NA	NA	NA	0.00191480586814352	NA	0.103120999662566	0.00234597194474647	0.0101390979255823	NA	NA	NA	NA	NA	NA	NA	NA	NA	NA	NA	0.000664156440978452	NA	NA	NA	0.00075253209643123	NA	NA	NA	NA	NA	0.00289497222861979	NA	NA	0.00449912427759597	NA	NA	0.120158754813795	NA	0.0310948404685517	NA	NA	NA	NA	NA	NA	NA	NA	NA	NA	NA	NA	0.000187463511566499	NA	NA	NA	NA	NA	NA	NA	NA	NA	NA	NA	NA	NA	NA	NA	NA	NA	NA	NA	NA	NA	NA	NA	NA	NA	NA	0.00252540130581726	NA	NA	NA	NA	NA	0.496869359356839	NA	NA	0.0167913745360278	NA
